[
	{
		"branch" : "WALM001",
		"category" : "Electronic accessories",
		"avg_rating" : 7.45
	},
	{
		"branch" : "WALM002",
		"category" : "Food and beverages",
		"avg_rating" : 8.25
	},
	{
		"branch" : "WALM003",
		"category" : "Sports and travel",
		"avg_rating" : 7.5
	},
	{
		"branch" : "WALM004",
		"category" : "Food and beverages",
		"avg_rating" : 9.3
	},
	{
		"branch" : "WALM005",
		"category" : "Health and beauty",
		"avg_rating" : 8.366666666666667
	},
	{
		"branch" : "WALM006",
		"category" : "Fashion accessories",
		"avg_rating" : 6.797058823529412
	},
	{
		"branch" : "WALM007",
		"category" : "Food and beverages",
		"avg_rating" : 7.55
	},
	{
		"branch" : "WALM008",
		"category" : "Food and beverages",
		"avg_rating" : 7.4
	},
	{
		"branch" : "WALM009",
		"category" : "Sports and travel",
		"avg_rating" : 9.6
	},
	{
		"branch" : "WALM010",
		"category" : "Electronic accessories",
		"avg_rating" : 9
	},
	{
		"branch" : "WALM011",
		"category" : "Food and beverages",
		"avg_rating" : 7
	},
	{
		"branch" : "WALM012",
		"category" : "Health and beauty",
		"avg_rating" : 7.45
	},
	{
		"branch" : "WALM013",
		"category" : "Health and beauty",
		"avg_rating" : 7.6
	},
	{
		"branch" : "WALM014",
		"category" : "Electronic accessories",
		"avg_rating" : 6.833333333333333
	},
	{
		"branch" : "WALM015",
		"category" : "Home and lifestyle",
		"avg_rating" : 6.223076923076923
	},
	{
		"branch" : "WALM016",
		"category" : "Sports and travel",
		"avg_rating" : 9.1
	},
	{
		"branch" : "WALM017",
		"category" : "Electronic accessories",
		"avg_rating" : 7
	},
	{
		"branch" : "WALM018",
		"category" : "Electronic accessories",
		"avg_rating" : 8.75
	},
	{
		"branch" : "WALM019",
		"category" : "Electronic accessories",
		"avg_rating" : 8.4
	},
	{
		"branch" : "WALM020",
		"category" : "Food and beverages",
		"avg_rating" : 8.333333333333334
	},
	{
		"branch" : "WALM021",
		"category" : "Sports and travel",
		"avg_rating" : 7.2
	},
	{
		"branch" : "WALM022",
		"category" : "Health and beauty",
		"avg_rating" : 8.8
	},
	{
		"branch" : "WALM023",
		"category" : "Health and beauty",
		"avg_rating" : 7.999999999999999
	},
	{
		"branch" : "WALM024",
		"category" : "Electronic accessories",
		"avg_rating" : 8.7
	},
	{
		"branch" : "WALM025",
		"category" : "Food and beverages",
		"avg_rating" : 8.4
	},
	{
		"branch" : "WALM026",
		"category" : "Health and beauty",
		"avg_rating" : 6.85
	},
	{
		"branch" : "WALM027",
		"category" : "Health and beauty",
		"avg_rating" : 9.7
	},
	{
		"branch" : "WALM028",
		"category" : "Food and beverages",
		"avg_rating" : 8
	},
	{
		"branch" : "WALM029",
		"category" : "Food and beverages",
		"avg_rating" : 8.9
	},
	{
		"branch" : "WALM030",
		"category" : "Sports and travel",
		"avg_rating" : 8.6
	},
	{
		"branch" : "WALM031",
		"category" : "Electronic accessories",
		"avg_rating" : 7.566666666666666
	},
	{
		"branch" : "WALM032",
		"category" : "Fashion accessories",
		"avg_rating" : 5.541095890410959
	},
	{
		"branch" : "WALM033",
		"category" : "Home and lifestyle",
		"avg_rating" : 6.661904761904762
	},
	{
		"branch" : "WALM034",
		"category" : "Health and beauty",
		"avg_rating" : 10
	},
	{
		"branch" : "WALM035",
		"category" : "Sports and travel",
		"avg_rating" : 9.3
	},
	{
		"branch" : "WALM036",
		"category" : "Fashion accessories",
		"avg_rating" : 6.589743589743589
	},
	{
		"branch" : "WALM037",
		"category" : "Sports and travel",
		"avg_rating" : 9.35
	},
	{
		"branch" : "WALM038",
		"category" : "Sports and travel",
		"avg_rating" : 8.5
	},
	{
		"branch" : "WALM039",
		"category" : "Food and beverages",
		"avg_rating" : 9.025
	},
	{
		"branch" : "WALM040",
		"category" : "Health and beauty",
		"avg_rating" : 8.6
	},
	{
		"branch" : "WALM041",
		"category" : "Food and beverages",
		"avg_rating" : 8
	},
	{
		"branch" : "WALM042",
		"category" : "Sports and travel",
		"avg_rating" : 7.25
	},
	{
		"branch" : "WALM043",
		"category" : "Sports and travel",
		"avg_rating" : 6.449999999999999
	},
	{
		"branch" : "WALM044",
		"category" : "Health and beauty",
		"avg_rating" : 9.2
	},
	{
		"branch" : "WALM045",
		"category" : "Food and beverages",
		"avg_rating" : 9.3
	},
	{
		"branch" : "WALM046",
		"category" : "Food and beverages",
		"avg_rating" : 7.3
	},
	{
		"branch" : "WALM047",
		"category" : "Health and beauty",
		"avg_rating" : 7.949999999999999
	},
	{
		"branch" : "WALM048",
		"category" : "Electronic accessories",
		"avg_rating" : 9.6
	},
	{
		"branch" : "WALM049",
		"category" : "Sports and travel",
		"avg_rating" : 7.666666666666667
	},
	{
		"branch" : "WALM050",
		"category" : "Electronic accessories",
		"avg_rating" : 5.275
	},
	{
		"branch" : "WALM051",
		"category" : "Sports and travel",
		"avg_rating" : 8.899999999999999
	},
	{
		"branch" : "WALM052",
		"category" : "Electronic accessories",
		"avg_rating" : 7.75
	},
	{
		"branch" : "WALM053",
		"category" : "Sports and travel",
		"avg_rating" : 8
	},
	{
		"branch" : "WALM054",
		"category" : "Health and beauty",
		"avg_rating" : 5.6
	},
	{
		"branch" : "WALM055",
		"category" : "Food and beverages",
		"avg_rating" : 7.5
	},
	{
		"branch" : "WALM056",
		"category" : "Electronic accessories",
		"avg_rating" : 5.966666666666667
	},
	{
		"branch" : "WALM057",
		"category" : "Food and beverages",
		"avg_rating" : 6.766666666666667
	},
	{
		"branch" : "WALM058",
		"category" : "Health and beauty",
		"avg_rating" : 6.3
	},
	{
		"branch" : "WALM059",
		"category" : "Electronic accessories",
		"avg_rating" : 7.9
	},
	{
		"branch" : "WALM060",
		"category" : "Health and beauty",
		"avg_rating" : 9.9
	},
	{
		"branch" : "WALM061",
		"category" : "Food and beverages",
		"avg_rating" : 8.466666666666667
	},
	{
		"branch" : "WALM062",
		"category" : "Sports and travel",
		"avg_rating" : 7.3
	},
	{
		"branch" : "WALM063",
		"category" : "Electronic accessories",
		"avg_rating" : 8.325000000000001
	},
	{
		"branch" : "WALM064",
		"category" : "Health and beauty",
		"avg_rating" : 8.15
	},
	{
		"branch" : "WALM065",
		"category" : "Health and beauty",
		"avg_rating" : 6.533333333333334
	},
	{
		"branch" : "WALM066",
		"category" : "Sports and travel",
		"avg_rating" : 7.2
	},
	{
		"branch" : "WALM066",
		"category" : "Health and beauty",
		"avg_rating" : 7.2
	},
	{
		"branch" : "WALM067",
		"category" : "Sports and travel",
		"avg_rating" : 9.7
	},
	{
		"branch" : "WALM068",
		"category" : "Electronic accessories",
		"avg_rating" : 9.7
	},
	{
		"branch" : "WALM069",
		"category" : "Sports and travel",
		"avg_rating" : 7.76
	},
	{
		"branch" : "WALM070",
		"category" : "Food and beverages",
		"avg_rating" : 9.1
	},
	{
		"branch" : "WALM071",
		"category" : "Food and beverages",
		"avg_rating" : 8.600000000000001
	},
	{
		"branch" : "WALM072",
		"category" : "Sports and travel",
		"avg_rating" : 8.1
	},
	{
		"branch" : "WALM073",
		"category" : "Food and beverages",
		"avg_rating" : 9.6
	},
	{
		"branch" : "WALM074",
		"category" : "Food and beverages",
		"avg_rating" : 8.733333333333333
	},
	{
		"branch" : "WALM075",
		"category" : "Sports and travel",
		"avg_rating" : 7.8999999999999995
	},
	{
		"branch" : "WALM076",
		"category" : "Food and beverages",
		"avg_rating" : 8.1
	},
	{
		"branch" : "WALM077",
		"category" : "Sports and travel",
		"avg_rating" : 9.6
	},
	{
		"branch" : "WALM078",
		"category" : "Food and beverages",
		"avg_rating" : 9
	},
	{
		"branch" : "WALM079",
		"category" : "Sports and travel",
		"avg_rating" : 7.166666666666667
	},
	{
		"branch" : "WALM080",
		"category" : "Electronic accessories",
		"avg_rating" : 7.2
	},
	{
		"branch" : "WALM081",
		"category" : "Food and beverages",
		"avg_rating" : 9.1
	},
	{
		"branch" : "WALM082",
		"category" : "Health and beauty",
		"avg_rating" : 9.2
	},
	{
		"branch" : "WALM083",
		"category" : "Electronic accessories",
		"avg_rating" : 6.566666666666666
	},
	{
		"branch" : "WALM084",
		"category" : "Sports and travel",
		"avg_rating" : 5.466666666666666
	},
	{
		"branch" : "WALM085",
		"category" : "Food and beverages",
		"avg_rating" : 8.4
	},
	{
		"branch" : "WALM086",
		"category" : "Health and beauty",
		"avg_rating" : 9.9
	},
	{
		"branch" : "WALM087",
		"category" : "Health and beauty",
		"avg_rating" : 7.2
	},
	{
		"branch" : "WALM088",
		"category" : "Sports and travel",
		"avg_rating" : 7.666666666666667
	},
	{
		"branch" : "WALM089",
		"category" : "Sports and travel",
		"avg_rating" : 8.9
	},
	{
		"branch" : "WALM090",
		"category" : "Sports and travel",
		"avg_rating" : 8.133333333333333
	},
	{
		"branch" : "WALM091",
		"category" : "Electronic accessories",
		"avg_rating" : 6.25
	},
	{
		"branch" : "WALM092",
		"category" : "Health and beauty",
		"avg_rating" : 7.2
	},
	{
		"branch" : "WALM093",
		"category" : "Food and beverages",
		"avg_rating" : 7.699999999999999
	},
	{
		"branch" : "WALM094",
		"category" : "Health and beauty",
		"avg_rating" : 7.949999999999999
	},
	{
		"branch" : "WALM095",
		"category" : "Health and beauty",
		"avg_rating" : 7.725
	},
	{
		"branch" : "WALM096",
		"category" : "Sports and travel",
		"avg_rating" : 9.6
	},
	{
		"branch" : "WALM097",
		"category" : "Food and beverages",
		"avg_rating" : 7.675000000000001
	},
	{
		"branch" : "WALM098",
		"category" : "Health and beauty",
		"avg_rating" : 9.8
	},
	{
		"branch" : "WALM099",
		"category" : "Electronic accessories",
		"avg_rating" : 5.95
	},
	{
		"branch" : "WALM100",
		"category" : "Health and beauty",
		"avg_rating" : 6.8999999999999995
	}
]
