[
	{
		"branch" : "WALM001",
		"day_name" : "Thursday",
		"no_transactions" : 32
	},
	{
		"branch" : "WALM002",
		"day_name" : "Thursday",
		"no_transactions" : 30
	},
	{
		"branch" : "WALM003",
		"day_name" : "Tuesday",
		"no_transactions" : 66
	},
	{
		"branch" : "WALM004",
		"day_name" : "Sunday",
		"no_transactions" : 28
	},
	{
		"branch" : "WALM005",
		"day_name" : "Wednesday",
		"no_transactions" : 38
	},
	{
		"branch" : "WALM006",
		"day_name" : "Thursday",
		"no_transactions" : 30
	},
	{
		"branch" : "WALM007",
		"day_name" : "Sunday",
		"no_transactions" : 24
	},
	{
		"branch" : "WALM007",
		"day_name" : "Friday",
		"no_transactions" : 24
	},
	{
		"branch" : "WALM008",
		"day_name" : "Tuesday",
		"no_transactions" : 34
	},
	{
		"branch" : "WALM009",
		"day_name" : "Sunday",
		"no_transactions" : 84
	},
	{
		"branch" : "WALM010",
		"day_name" : "Wednesday",
		"no_transactions" : 24
	},
	{
		"branch" : "WALM011",
		"day_name" : "Tuesday",
		"no_transactions" : 36
	},
	{
		"branch" : "WALM012",
		"day_name" : "Sunday",
		"no_transactions" : 40
	},
	{
		"branch" : "WALM013",
		"day_name" : "Monday",
		"no_transactions" : 26
	},
	{
		"branch" : "WALM014",
		"day_name" : "Sunday",
		"no_transactions" : 24
	},
	{
		"branch" : "WALM015",
		"day_name" : "Friday",
		"no_transactions" : 30
	},
	{
		"branch" : "WALM016",
		"day_name" : "Tuesday",
		"no_transactions" : 32
	},
	{
		"branch" : "WALM017",
		"day_name" : "Thursday",
		"no_transactions" : 34
	},
	{
		"branch" : "WALM018",
		"day_name" : "Sunday",
		"no_transactions" : 24
	},
	{
		"branch" : "WALM019",
		"day_name" : "Thursday",
		"no_transactions" : 26
	},
	{
		"branch" : "WALM020",
		"day_name" : "Tuesday",
		"no_transactions" : 32
	},
	{
		"branch" : "WALM021",
		"day_name" : "Thursday",
		"no_transactions" : 24
	},
	{
		"branch" : "WALM022",
		"day_name" : "Friday",
		"no_transactions" : 30
	},
	{
		"branch" : "WALM023",
		"day_name" : "Tuesday",
		"no_transactions" : 34
	},
	{
		"branch" : "WALM024",
		"day_name" : "Sunday",
		"no_transactions" : 28
	},
	{
		"branch" : "WALM025",
		"day_name" : "Thursday",
		"no_transactions" : 52
	},
	{
		"branch" : "WALM025",
		"day_name" : "Tuesday",
		"no_transactions" : 52
	},
	{
		"branch" : "WALM025",
		"day_name" : "Saturday",
		"no_transactions" : 52
	},
	{
		"branch" : "WALM026",
		"day_name" : "Sunday",
		"no_transactions" : 34
	},
	{
		"branch" : "WALM027",
		"day_name" : "Thursday",
		"no_transactions" : 28
	},
	{
		"branch" : "WALM028",
		"day_name" : "Saturday",
		"no_transactions" : 36
	},
	{
		"branch" : "WALM029",
		"day_name" : "Thursday",
		"no_transactions" : 72
	},
	{
		"branch" : "WALM030",
		"day_name" : "Wednesday",
		"no_transactions" : 80
	},
	{
		"branch" : "WALM031",
		"day_name" : "Sunday",
		"no_transactions" : 26
	},
	{
		"branch" : "WALM032",
		"day_name" : "Tuesday",
		"no_transactions" : 60
	},
	{
		"branch" : "WALM033",
		"day_name" : "Saturday",
		"no_transactions" : 20
	},
	{
		"branch" : "WALM033",
		"day_name" : "Thursday",
		"no_transactions" : 20
	},
	{
		"branch" : "WALM034",
		"day_name" : "Wednesday",
		"no_transactions" : 24
	},
	{
		"branch" : "WALM035",
		"day_name" : "Saturday",
		"no_transactions" : 64
	},
	{
		"branch" : "WALM036",
		"day_name" : "Thursday",
		"no_transactions" : 32
	},
	{
		"branch" : "WALM037",
		"day_name" : "Tuesday",
		"no_transactions" : 26
	},
	{
		"branch" : "WALM038",
		"day_name" : "Sunday",
		"no_transactions" : 74
	},
	{
		"branch" : "WALM039",
		"day_name" : "Wednesday",
		"no_transactions" : 30
	},
	{
		"branch" : "WALM040",
		"day_name" : "Saturday",
		"no_transactions" : 26
	},
	{
		"branch" : "WALM041",
		"day_name" : "Friday",
		"no_transactions" : 30
	},
	{
		"branch" : "WALM042",
		"day_name" : "Wednesday",
		"no_transactions" : 30
	},
	{
		"branch" : "WALM043",
		"day_name" : "Tuesday",
		"no_transactions" : 36
	},
	{
		"branch" : "WALM044",
		"day_name" : "Sunday",
		"no_transactions" : 36
	},
	{
		"branch" : "WALM045",
		"day_name" : "Wednesday",
		"no_transactions" : 26
	},
	{
		"branch" : "WALM046",
		"day_name" : "Wednesday",
		"no_transactions" : 70
	},
	{
		"branch" : "WALM047",
		"day_name" : "Sunday",
		"no_transactions" : 30
	},
	{
		"branch" : "WALM048",
		"day_name" : "Monday",
		"no_transactions" : 36
	},
	{
		"branch" : "WALM049",
		"day_name" : "Wednesday",
		"no_transactions" : 34
	},
	{
		"branch" : "WALM050",
		"day_name" : "Sunday",
		"no_transactions" : 64
	},
	{
		"branch" : "WALM051",
		"day_name" : "Tuesday",
		"no_transactions" : 22
	},
	{
		"branch" : "WALM051",
		"day_name" : "Monday",
		"no_transactions" : 22
	},
	{
		"branch" : "WALM051",
		"day_name" : "Thursday",
		"no_transactions" : 22
	},
	{
		"branch" : "WALM051",
		"day_name" : "Friday",
		"no_transactions" : 22
	},
	{
		"branch" : "WALM052",
		"day_name" : "Tuesday",
		"no_transactions" : 34
	},
	{
		"branch" : "WALM053",
		"day_name" : "Thursday",
		"no_transactions" : 34
	},
	{
		"branch" : "WALM054",
		"day_name" : "Sunday",
		"no_transactions" : 64
	},
	{
		"branch" : "WALM055",
		"day_name" : "Wednesday",
		"no_transactions" : 64
	},
	{
		"branch" : "WALM056",
		"day_name" : "Saturday",
		"no_transactions" : 58
	},
	{
		"branch" : "WALM056",
		"day_name" : "Wednesday",
		"no_transactions" : 58
	},
	{
		"branch" : "WALM057",
		"day_name" : "Wednesday",
		"no_transactions" : 36
	},
	{
		"branch" : "WALM058",
		"day_name" : "Wednesday",
		"no_transactions" : 90
	},
	{
		"branch" : "WALM059",
		"day_name" : "Monday",
		"no_transactions" : 30
	},
	{
		"branch" : "WALM060",
		"day_name" : "Tuesday",
		"no_transactions" : 28
	},
	{
		"branch" : "WALM061",
		"day_name" : "Thursday",
		"no_transactions" : 28
	},
	{
		"branch" : "WALM062",
		"day_name" : "Tuesday",
		"no_transactions" : 48
	},
	{
		"branch" : "WALM063",
		"day_name" : "Sunday",
		"no_transactions" : 34
	},
	{
		"branch" : "WALM064",
		"day_name" : "Saturday",
		"no_transactions" : 28
	},
	{
		"branch" : "WALM065",
		"day_name" : "Tuesday",
		"no_transactions" : 60
	},
	{
		"branch" : "WALM065",
		"day_name" : "Friday",
		"no_transactions" : 60
	},
	{
		"branch" : "WALM066",
		"day_name" : "Wednesday",
		"no_transactions" : 30
	},
	{
		"branch" : "WALM067",
		"day_name" : "Sunday",
		"no_transactions" : 28
	},
	{
		"branch" : "WALM068",
		"day_name" : "Monday",
		"no_transactions" : 22
	},
	{
		"branch" : "WALM068",
		"day_name" : "Thursday",
		"no_transactions" : 22
	},
	{
		"branch" : "WALM069",
		"day_name" : "Thursday",
		"no_transactions" : 84
	},
	{
		"branch" : "WALM070",
		"day_name" : "Sunday",
		"no_transactions" : 30
	},
	{
		"branch" : "WALM071",
		"day_name" : "Sunday",
		"no_transactions" : 32
	},
	{
		"branch" : "WALM072",
		"day_name" : "Thursday",
		"no_transactions" : 28
	},
	{
		"branch" : "WALM073",
		"day_name" : "Thursday",
		"no_transactions" : 60
	},
	{
		"branch" : "WALM074",
		"day_name" : "Wednesday",
		"no_transactions" : 82
	},
	{
		"branch" : "WALM075",
		"day_name" : "Friday",
		"no_transactions" : 70
	},
	{
		"branch" : "WALM076",
		"day_name" : "Thursday",
		"no_transactions" : 28
	},
	{
		"branch" : "WALM077",
		"day_name" : "Saturday",
		"no_transactions" : 24
	},
	{
		"branch" : "WALM078",
		"day_name" : "Saturday",
		"no_transactions" : 34
	},
	{
		"branch" : "WALM079",
		"day_name" : "Wednesday",
		"no_transactions" : 24
	},
	{
		"branch" : "WALM079",
		"day_name" : "Sunday",
		"no_transactions" : 24
	},
	{
		"branch" : "WALM080",
		"day_name" : "Monday",
		"no_transactions" : 32
	},
	{
		"branch" : "WALM081",
		"day_name" : "Saturday",
		"no_transactions" : 22
	},
	{
		"branch" : "WALM081",
		"day_name" : "Tuesday",
		"no_transactions" : 22
	},
	{
		"branch" : "WALM082",
		"day_name" : "Thursday",
		"no_transactions" : 80
	},
	{
		"branch" : "WALM083",
		"day_name" : "Monday",
		"no_transactions" : 34
	},
	{
		"branch" : "WALM084",
		"day_name" : "Tuesday",
		"no_transactions" : 70
	},
	{
		"branch" : "WALM085",
		"day_name" : "Tuesday",
		"no_transactions" : 28
	},
	{
		"branch" : "WALM085",
		"day_name" : "Thursday",
		"no_transactions" : 28
	},
	{
		"branch" : "WALM086",
		"day_name" : "Tuesday",
		"no_transactions" : 62
	},
	{
		"branch" : "WALM087",
		"day_name" : "Saturday",
		"no_transactions" : 70
	},
	{
		"branch" : "WALM088",
		"day_name" : "Wednesday",
		"no_transactions" : 32
	},
	{
		"branch" : "WALM089",
		"day_name" : "Monday",
		"no_transactions" : 62
	},
	{
		"branch" : "WALM089",
		"day_name" : "Saturday",
		"no_transactions" : 62
	},
	{
		"branch" : "WALM090",
		"day_name" : "Wednesday",
		"no_transactions" : 30
	},
	{
		"branch" : "WALM091",
		"day_name" : "Wednesday",
		"no_transactions" : 34
	},
	{
		"branch" : "WALM092",
		"day_name" : "Thursday",
		"no_transactions" : 22
	},
	{
		"branch" : "WALM093",
		"day_name" : "Wednesday",
		"no_transactions" : 24
	},
	{
		"branch" : "WALM094",
		"day_name" : "Tuesday",
		"no_transactions" : 34
	},
	{
		"branch" : "WALM095",
		"day_name" : "Thursday",
		"no_transactions" : 36
	},
	{
		"branch" : "WALM096",
		"day_name" : "Tuesday",
		"no_transactions" : 30
	},
	{
		"branch" : "WALM097",
		"day_name" : "Friday",
		"no_transactions" : 24
	},
	{
		"branch" : "WALM098",
		"day_name" : "Monday",
		"no_transactions" : 36
	},
	{
		"branch" : "WALM099",
		"day_name" : "Sunday",
		"no_transactions" : 60
	},
	{
		"branch" : "WALM100",
		"day_name" : "Wednesday",
		"no_transactions" : 28
	}
]
