[
	{
		"city" : "San Antonio",
		"category" : "Health and beauty",
		"min_rating" : 5,
		"max_rating" : 9.1,
		"avg_rating" : 7.05
	},
	{
		"city" : "Harlingen",
		"category" : "Electronic accessories",
		"min_rating" : 9.6,
		"max_rating" : 9.6,
		"avg_rating" : 9.6
	},
	{
		"city" : "Haltom City",
		"category" : "Home and lifestyle",
		"min_rating" : 3,
		"max_rating" : 9.5,
		"avg_rating" : 6.227777777777778
	},
	{
		"city" : "Bedford",
		"category" : "Health and beauty",
		"min_rating" : 6.1,
		"max_rating" : 9.3,
		"avg_rating" : 8.15
	},
	{
		"city" : "Irving",
		"category" : "Sports and travel",
		"min_rating" : 5.3,
		"max_rating" : 5.3,
		"avg_rating" : 5.3
	},
	{
		"city" : "Denton",
		"category" : "Electronic accessories",
		"min_rating" : 4.1,
		"max_rating" : 9,
		"avg_rating" : 6.7
	},
	{
		"city" : "Cleburne",
		"category" : "Electronic accessories",
		"min_rating" : 5.8,
		"max_rating" : 7.8,
		"avg_rating" : 7.249999999999999
	},
	{
		"city" : "Canyon",
		"category" : "Home and lifestyle",
		"min_rating" : 3,
		"max_rating" : 9,
		"avg_rating" : 6.25
	},
	{
		"city" : "Grapevine",
		"category" : "Health and beauty",
		"min_rating" : 7.2,
		"max_rating" : 7.2,
		"avg_rating" : 7.2
	},
	{
		"city" : "Texas City",
		"category" : "Food and beverages",
		"min_rating" : 5.5,
		"max_rating" : 5.9,
		"avg_rating" : 5.7
	},
	{
		"city" : "Irving",
		"category" : "Fashion accessories",
		"min_rating" : 3,
		"max_rating" : 9.8,
		"avg_rating" : 6.206896551724138
	},
	{
		"city" : "San Angelo",
		"category" : "Electronic accessories",
		"min_rating" : 3,
		"max_rating" : 7,
		"avg_rating" : 5.8307692307692305
	},
	{
		"city" : "Abilene",
		"category" : "Electronic accessories",
		"min_rating" : 7.1,
		"max_rating" : 8.8,
		"avg_rating" : 7.966666666666666
	},
	{
		"city" : "San Angelo",
		"category" : "Food and beverages",
		"min_rating" : 8.2,
		"max_rating" : 8.5,
		"avg_rating" : 8.35
	},
	{
		"city" : "Lewisville",
		"category" : "Health and beauty",
		"min_rating" : 5.5,
		"max_rating" : 5.7,
		"avg_rating" : 5.6
	},
	{
		"city" : "Corpus Christi",
		"category" : "Sports and travel",
		"min_rating" : 4.5,
		"max_rating" : 4.5,
		"avg_rating" : 4.5
	},
	{
		"city" : "Round Rock",
		"category" : "Health and beauty",
		"min_rating" : 4.6,
		"max_rating" : 8.7,
		"avg_rating" : 6.6499999999999995
	},
	{
		"city" : "Cedar Park",
		"category" : "Sports and travel",
		"min_rating" : 6.6,
		"max_rating" : 6.9,
		"avg_rating" : 6.75
	},
	{
		"city" : "Conroe",
		"category" : "Food and beverages",
		"min_rating" : 4,
		"max_rating" : 8.6,
		"avg_rating" : 6.866666666666667
	},
	{
		"city" : "Irving",
		"category" : "Home and lifestyle",
		"min_rating" : 4,
		"max_rating" : 9.7,
		"avg_rating" : 6.265217391304348
	},
	{
		"city" : "Pharr",
		"category" : "Electronic accessories",
		"min_rating" : 4.8,
		"max_rating" : 4.8,
		"avg_rating" : 4.8
	},
	{
		"city" : "Cleburne",
		"category" : "Health and beauty",
		"min_rating" : 4.2,
		"max_rating" : 5.6,
		"avg_rating" : 4.875000000000001
	},
	{
		"city" : "Farmers Branch",
		"category" : "Home and lifestyle",
		"min_rating" : 3,
		"max_rating" : 9,
		"avg_rating" : 6.2625
	},
	{
		"city" : "Haltom City",
		"category" : "Electronic accessories",
		"min_rating" : 4.5,
		"max_rating" : 9.9,
		"avg_rating" : 8.033333333333333
	},
	{
		"city" : "Midland",
		"category" : "Sports and travel",
		"min_rating" : 5.4,
		"max_rating" : 6,
		"avg_rating" : 5.699999999999999
	},
	{
		"city" : "Houston",
		"category" : "Home and lifestyle",
		"min_rating" : 3,
		"max_rating" : 9,
		"avg_rating" : 6.163888888888889
	},
	{
		"city" : "Lancaster",
		"category" : "Fashion accessories",
		"min_rating" : 4,
		"max_rating" : 9,
		"avg_rating" : 5.809374999999999
	},
	{
		"city" : "Temple",
		"category" : "Fashion accessories",
		"min_rating" : 3,
		"max_rating" : 9,
		"avg_rating" : 5.2089108910891095
	},
	{
		"city" : "Garland",
		"category" : "Food and beverages",
		"min_rating" : 4.2,
		"max_rating" : 9.9,
		"avg_rating" : 6.871428571428572
	},
	{
		"city" : "San Marcos",
		"category" : "Health and beauty",
		"min_rating" : 5,
		"max_rating" : 7.4,
		"avg_rating" : 6.58
	},
	{
		"city" : "Huntsville",
		"category" : "Fashion accessories",
		"min_rating" : 4,
		"max_rating" : 9.7,
		"avg_rating" : 6.837837837837838
	},
	{
		"city" : "Mineral Wells",
		"category" : "Sports and travel",
		"min_rating" : 4.5,
		"max_rating" : 5.1,
		"avg_rating" : 4.8
	},
	{
		"city" : "McAllen",
		"category" : "Sports and travel",
		"min_rating" : 5.1,
		"max_rating" : 9.3,
		"avg_rating" : 7.2
	},
	{
		"city" : "Eagle Pass",
		"category" : "Health and beauty",
		"min_rating" : 5.1,
		"max_rating" : 5.1,
		"avg_rating" : 5.1
	},
	{
		"city" : "Mesquite",
		"category" : "Food and beverages",
		"min_rating" : 7.5,
		"max_rating" : 7.5,
		"avg_rating" : 7.5
	},
	{
		"city" : "Big Spring",
		"category" : "Sports and travel",
		"min_rating" : 6.8,
		"max_rating" : 8,
		"avg_rating" : 7.339999999999999
	},
	{
		"city" : "Mission",
		"category" : "Sports and travel",
		"min_rating" : 7,
		"max_rating" : 7,
		"avg_rating" : 7
	},
	{
		"city" : "Hurst",
		"category" : "Electronic accessories",
		"min_rating" : 4.7,
		"max_rating" : 6.5,
		"avg_rating" : 5.55
	},
	{
		"city" : "Hurst",
		"category" : "Health and beauty",
		"min_rating" : 6.6,
		"max_rating" : 8.1,
		"avg_rating" : 7.4750000000000005
	},
	{
		"city" : "Richardson",
		"category" : "Home and lifestyle",
		"min_rating" : 3,
		"max_rating" : 9.8,
		"avg_rating" : 5.427619047619047
	},
	{
		"city" : "Pearland",
		"category" : "Home and lifestyle",
		"min_rating" : 3,
		"max_rating" : 9,
		"avg_rating" : 6.661904761904762
	},
	{
		"city" : "Cleburne",
		"category" : "Home and lifestyle",
		"min_rating" : 3,
		"max_rating" : 9,
		"avg_rating" : 6.975
	},
	{
		"city" : "La Porte",
		"category" : "Sports and travel",
		"min_rating" : 5.6,
		"max_rating" : 9.5,
		"avg_rating" : 7.166666666666667
	},
	{
		"city" : "Bryan",
		"category" : "Food and beverages",
		"min_rating" : 4.5,
		"max_rating" : 9.1,
		"avg_rating" : 6.65
	},
	{
		"city" : "Allen",
		"category" : "Health and beauty",
		"min_rating" : 4.4,
		"max_rating" : 7.2,
		"avg_rating" : 5.933333333333334
	},
	{
		"city" : "Rowlett",
		"category" : "Electronic accessories",
		"min_rating" : 3,
		"max_rating" : 9.5,
		"avg_rating" : 5.966666666666667
	},
	{
		"city" : "Port Arthur",
		"category" : "Health and beauty",
		"min_rating" : 4.2,
		"max_rating" : 8.4,
		"avg_rating" : 6.3
	},
	{
		"city" : "Grand Prairie",
		"category" : "Food and beverages",
		"min_rating" : 4.1,
		"max_rating" : 7.1,
		"avg_rating" : 5.6
	},
	{
		"city" : "Georgetown",
		"category" : "Electronic accessories",
		"min_rating" : 7.6,
		"max_rating" : 9.4,
		"avg_rating" : 8.325000000000001
	},
	{
		"city" : "McAllen",
		"category" : "Fashion accessories",
		"min_rating" : 3,
		"max_rating" : 9,
		"avg_rating" : 5.787096774193548
	},
	{
		"city" : "Southlake",
		"category" : "Food and beverages",
		"min_rating" : 5.2,
		"max_rating" : 9.5,
		"avg_rating" : 7.35
	},
	{
		"city" : "Angleton",
		"category" : "Food and beverages",
		"min_rating" : 6.9,
		"max_rating" : 8.5,
		"avg_rating" : 7.699999999999999
	},
	{
		"city" : "Mission",
		"category" : "Fashion accessories",
		"min_rating" : 4,
		"max_rating" : 9,
		"avg_rating" : 6.609375
	},
	{
		"city" : "Missouri City",
		"category" : "Fashion accessories",
		"min_rating" : 4,
		"max_rating" : 9,
		"avg_rating" : 5.679310344827586
	},
	{
		"city" : "Fort Worth",
		"category" : "Home and lifestyle",
		"min_rating" : 4,
		"max_rating" : 9,
		"avg_rating" : 6.6189189189189195
	},
	{
		"city" : "Bryan",
		"category" : "Electronic accessories",
		"min_rating" : 6.1,
		"max_rating" : 8.2,
		"avg_rating" : 7.15
	},
	{
		"city" : "San Antonio",
		"category" : "Home and lifestyle",
		"min_rating" : 3,
		"max_rating" : 9.5,
		"avg_rating" : 5.4575000000000005
	},
	{
		"city" : "Grapevine",
		"category" : "Home and lifestyle",
		"min_rating" : 3,
		"max_rating" : 9,
		"avg_rating" : 6.062162162162163
	},
	{
		"city" : "Lewisville",
		"category" : "Electronic accessories",
		"min_rating" : 5.8,
		"max_rating" : 9.3,
		"avg_rating" : 7.566666666666666
	},
	{
		"city" : "Bryan",
		"category" : "Sports and travel",
		"min_rating" : 4.5,
		"max_rating" : 10,
		"avg_rating" : 7.25
	},
	{
		"city" : "Del Rio",
		"category" : "Home and lifestyle",
		"min_rating" : 3,
		"max_rating" : 9.9,
		"avg_rating" : 5.783333333333333
	},
	{
		"city" : "League City",
		"category" : "Sports and travel",
		"min_rating" : 8.7,
		"max_rating" : 10,
		"avg_rating" : 9.35
	},
	{
		"city" : "Rockwall",
		"category" : "Sports and travel",
		"min_rating" : 6.3,
		"max_rating" : 9.7,
		"avg_rating" : 7.76
	},
	{
		"city" : "Waxahachie",
		"category" : "Health and beauty",
		"min_rating" : 4.8,
		"max_rating" : 9.5,
		"avg_rating" : 7.2
	},
	{
		"city" : "Bryan",
		"category" : "Health and beauty",
		"min_rating" : 5.8,
		"max_rating" : 7.9,
		"avg_rating" : 6.85
	},
	{
		"city" : "Killeen",
		"category" : "Health and beauty",
		"min_rating" : 6.7,
		"max_rating" : 9.8,
		"avg_rating" : 8.25
	},
	{
		"city" : "Round Rock",
		"category" : "Fashion accessories",
		"min_rating" : 3,
		"max_rating" : 9.9,
		"avg_rating" : 5.092
	},
	{
		"city" : "San Angelo",
		"category" : "Health and beauty",
		"min_rating" : 4.3,
		"max_rating" : 8.7,
		"avg_rating" : 6.5
	},
	{
		"city" : "Arlington",
		"category" : "Food and beverages",
		"min_rating" : 5.5,
		"max_rating" : 9.6,
		"avg_rating" : 7.55
	},
	{
		"city" : "McKinney",
		"category" : "Fashion accessories",
		"min_rating" : 3,
		"max_rating" : 9,
		"avg_rating" : 6.279411764705882
	},
	{
		"city" : "Eagle Pass",
		"category" : "Food and beverages",
		"min_rating" : 4,
		"max_rating" : 9,
		"avg_rating" : 6.5
	},
	{
		"city" : "Farmers Branch",
		"category" : "Electronic accessories",
		"min_rating" : 5,
		"max_rating" : 8.7,
		"avg_rating" : 6.566666666666666
	},
	{
		"city" : "Lancaster",
		"category" : "Home and lifestyle",
		"min_rating" : 3,
		"max_rating" : 9.4,
		"avg_rating" : 5.900000000000001
	},
	{
		"city" : "San Antonio",
		"category" : "Electronic accessories",
		"min_rating" : 3,
		"max_rating" : 9.9,
		"avg_rating" : 5.517647058823529
	},
	{
		"city" : "Port Arthur",
		"category" : "Fashion accessories",
		"min_rating" : 3,
		"max_rating" : 9.2,
		"avg_rating" : 5.442735042735042
	},
	{
		"city" : "Alamo",
		"category" : "Fashion accessories",
		"min_rating" : 3,
		"max_rating" : 9,
		"avg_rating" : 6.873076923076923
	},
	{
		"city" : "Georgetown",
		"category" : "Food and beverages",
		"min_rating" : 6.6,
		"max_rating" : 8.1,
		"avg_rating" : 7.333333333333333
	},
	{
		"city" : "Lufkin",
		"category" : "Health and beauty",
		"min_rating" : 4.3,
		"max_rating" : 9.8,
		"avg_rating" : 6.725
	},
	{
		"city" : "Cedar Park",
		"category" : "Health and beauty",
		"min_rating" : 5.5,
		"max_rating" : 5.5,
		"avg_rating" : 5.5
	},
	{
		"city" : "Brownwood",
		"category" : "Food and beverages",
		"min_rating" : 6.4,
		"max_rating" : 9.2,
		"avg_rating" : 7.799999999999999
	},
	{
		"city" : "Cedar Park",
		"category" : "Food and beverages",
		"min_rating" : 6.6,
		"max_rating" : 9.9,
		"avg_rating" : 8.466666666666667
	},
	{
		"city" : "Mission",
		"category" : "Food and beverages",
		"min_rating" : 7.7,
		"max_rating" : 8.3,
		"avg_rating" : 8
	},
	{
		"city" : "Alice",
		"category" : "Sports and travel",
		"min_rating" : 6.5,
		"max_rating" : 7.9,
		"avg_rating" : 6.925000000000001
	},
	{
		"city" : "Baytown",
		"category" : "Sports and travel",
		"min_rating" : 4,
		"max_rating" : 8.9,
		"avg_rating" : 6.449999999999999
	},
	{
		"city" : "Bryan",
		"category" : "Fashion accessories",
		"min_rating" : 4,
		"max_rating" : 9.9,
		"avg_rating" : 6.760869565217392
	},
	{
		"city" : "Temple",
		"category" : "Food and beverages",
		"min_rating" : 7.3,
		"max_rating" : 7.3,
		"avg_rating" : 7.3
	},
	{
		"city" : "Lubbock",
		"category" : "Sports and travel",
		"min_rating" : 5.7,
		"max_rating" : 6.6,
		"avg_rating" : 6.15
	},
	{
		"city" : "Big Spring",
		"category" : "Home and lifestyle",
		"min_rating" : 3,
		"max_rating" : 9,
		"avg_rating" : 6.164102564102564
	},
	{
		"city" : "North Richland Hills",
		"category" : "Sports and travel",
		"min_rating" : 7.4,
		"max_rating" : 8.2,
		"avg_rating" : 7.666666666666667
	},
	{
		"city" : "Edinburg",
		"category" : "Sports and travel",
		"min_rating" : 5.1,
		"max_rating" : 7.8,
		"avg_rating" : 6.475
	},
	{
		"city" : "Texas City",
		"category" : "Health and beauty",
		"min_rating" : 4.9,
		"max_rating" : 8.6,
		"avg_rating" : 6.533333333333334
	},
	{
		"city" : "College Station",
		"category" : "Electronic accessories",
		"min_rating" : 7.2,
		"max_rating" : 9.7,
		"avg_rating" : 8.45
	},
	{
		"city" : "Amarillo",
		"category" : "Health and beauty",
		"min_rating" : 5.1,
		"max_rating" : 5.1,
		"avg_rating" : 5.1
	},
	{
		"city" : "Eagle Pass",
		"category" : "Electronic accessories",
		"min_rating" : 4.1,
		"max_rating" : 7.3,
		"avg_rating" : 5.699999999999999
	},
	{
		"city" : "Austin",
		"category" : "Food and beverages",
		"min_rating" : 9.3,
		"max_rating" : 9.3,
		"avg_rating" : 9.3
	},
	{
		"city" : "Lubbock",
		"category" : "Home and lifestyle",
		"min_rating" : 3,
		"max_rating" : 9,
		"avg_rating" : 6.074074074074074
	},
	{
		"city" : "San Marcos",
		"category" : "Fashion accessories",
		"min_rating" : 3,
		"max_rating" : 7,
		"avg_rating" : 5.02375
	},
	{
		"city" : "Euless",
		"category" : "Fashion accessories",
		"min_rating" : 3,
		"max_rating" : 9,
		"avg_rating" : 6.036363636363636
	},
	{
		"city" : "Midland",
		"category" : "Electronic accessories",
		"min_rating" : 4.9,
		"max_rating" : 6.3,
		"avg_rating" : 5.733333333333334
	},
	{
		"city" : "Del Rio",
		"category" : "Health and beauty",
		"min_rating" : 8,
		"max_rating" : 8,
		"avg_rating" : 8
	},
	{
		"city" : "Waxahachie",
		"category" : "Electronic accessories",
		"min_rating" : 3,
		"max_rating" : 9,
		"avg_rating" : 5.929166666666667
	},
	{
		"city" : "Sugar Land",
		"category" : "Fashion accessories",
		"min_rating" : 3,
		"max_rating" : 7.9,
		"avg_rating" : 5.182758620689655
	},
	{
		"city" : "Pharr",
		"category" : "Food and beverages",
		"min_rating" : 4.2,
		"max_rating" : 9.9,
		"avg_rating" : 7.325
	},
	{
		"city" : "Arlington",
		"category" : "Sports and travel",
		"min_rating" : 4.6,
		"max_rating" : 6.2,
		"avg_rating" : 5.4
	},
	{
		"city" : "Waco",
		"category" : "Health and beauty",
		"min_rating" : 5.3,
		"max_rating" : 9.3,
		"avg_rating" : 7.549999999999999
	},
	{
		"city" : "Fort Worth",
		"category" : "Fashion accessories",
		"min_rating" : 3,
		"max_rating" : 9,
		"avg_rating" : 6.335135135135135
	},
	{
		"city" : "Carrollton",
		"category" : "Home and lifestyle",
		"min_rating" : 4,
		"max_rating" : 9,
		"avg_rating" : 6.06969696969697
	},
	{
		"city" : "Waxahachie",
		"category" : "Fashion accessories",
		"min_rating" : 3,
		"max_rating" : 9.2,
		"avg_rating" : 5.142613636363636
	},
	{
		"city" : "Edinburg",
		"category" : "Fashion accessories",
		"min_rating" : 3,
		"max_rating" : 9,
		"avg_rating" : 6.730769230769231
	},
	{
		"city" : "Lufkin",
		"category" : "Fashion accessories",
		"min_rating" : 3,
		"max_rating" : 9.9,
		"avg_rating" : 5.9750000000000005
	},
	{
		"city" : "Abilene",
		"category" : "Food and beverages",
		"min_rating" : 6,
		"max_rating" : 8.9,
		"avg_rating" : 6.95
	},
	{
		"city" : "Lufkin",
		"category" : "Home and lifestyle",
		"min_rating" : 3,
		"max_rating" : 9,
		"avg_rating" : 6.180645161290323
	},
	{
		"city" : "Amarillo",
		"category" : "Electronic accessories",
		"min_rating" : 5.2,
		"max_rating" : 7.8,
		"avg_rating" : 6.833333333333333
	},
	{
		"city" : "Kerrville",
		"category" : "Sports and travel",
		"min_rating" : 4.2,
		"max_rating" : 6.5,
		"avg_rating" : 5.233333333333333
	},
	{
		"city" : "Cedar Park",
		"category" : "Home and lifestyle",
		"min_rating" : 3,
		"max_rating" : 9,
		"avg_rating" : 6.423529411764706
	},
	{
		"city" : "Cleburne",
		"category" : "Fashion accessories",
		"min_rating" : 3,
		"max_rating" : 9,
		"avg_rating" : 6.008333333333334
	},
	{
		"city" : "College Station",
		"category" : "Home and lifestyle",
		"min_rating" : 4,
		"max_rating" : 9,
		"avg_rating" : 6.346428571428571
	},
	{
		"city" : "Brownsville",
		"category" : "Sports and travel",
		"min_rating" : 9,
		"max_rating" : 9.2,
		"avg_rating" : 9.1
	},
	{
		"city" : "Pharr",
		"category" : "Fashion accessories",
		"min_rating" : 3,
		"max_rating" : 9,
		"avg_rating" : 6.140000000000001
	},
	{
		"city" : "Frisco",
		"category" : "Sports and travel",
		"min_rating" : 5.1,
		"max_rating" : 7.2,
		"avg_rating" : 6.15
	},
	{
		"city" : "Mesquite",
		"category" : "Fashion accessories",
		"min_rating" : 4,
		"max_rating" : 9,
		"avg_rating" : 6.082857142857142
	},
	{
		"city" : "Burleson",
		"category" : "Sports and travel",
		"min_rating" : 6.6,
		"max_rating" : 8.3,
		"avg_rating" : 7.4
	},
	{
		"city" : "Waxahachie",
		"category" : "Sports and travel",
		"min_rating" : 5.2,
		"max_rating" : 7.4,
		"avg_rating" : 6.16
	},
	{
		"city" : "Dallas",
		"category" : "Electronic accessories",
		"min_rating" : 6.1,
		"max_rating" : 9,
		"avg_rating" : 8.125
	},
	{
		"city" : "Galveston",
		"category" : "Health and beauty",
		"min_rating" : 4.3,
		"max_rating" : 8.3,
		"avg_rating" : 5.966666666666666
	},
	{
		"city" : "Mineral Wells",
		"category" : "Fashion accessories",
		"min_rating" : 3,
		"max_rating" : 9,
		"avg_rating" : 6.1866666666666665
	},
	{
		"city" : "Angleton",
		"category" : "Home and lifestyle",
		"min_rating" : 3,
		"max_rating" : 9.8,
		"avg_rating" : 6.420000000000001
	},
	{
		"city" : "Round Rock",
		"category" : "Sports and travel",
		"min_rating" : 8.2,
		"max_rating" : 8.2,
		"avg_rating" : 8.2
	},
	{
		"city" : "Garland",
		"category" : "Health and beauty",
		"min_rating" : 6,
		"max_rating" : 9.5,
		"avg_rating" : 7.45
	},
	{
		"city" : "Mansfield",
		"category" : "Health and beauty",
		"min_rating" : 4,
		"max_rating" : 9.1,
		"avg_rating" : 6.8999999999999995
	},
	{
		"city" : "Alice",
		"category" : "Food and beverages",
		"min_rating" : 5,
		"max_rating" : 9.2,
		"avg_rating" : 7.675000000000001
	},
	{
		"city" : "Missouri City",
		"category" : "Home and lifestyle",
		"min_rating" : 3,
		"max_rating" : 9,
		"avg_rating" : 6.4
	},
	{
		"city" : "Flower Mound",
		"category" : "Health and beauty",
		"min_rating" : 6.4,
		"max_rating" : 9.5,
		"avg_rating" : 7.949999999999999
	},
	{
		"city" : "Denton",
		"category" : "Fashion accessories",
		"min_rating" : 3,
		"max_rating" : 9.2,
		"avg_rating" : 6.718181818181818
	},
	{
		"city" : "Sherman",
		"category" : "Health and beauty",
		"min_rating" : 5.6,
		"max_rating" : 5.6,
		"avg_rating" : 5.6
	},
	{
		"city" : "North Richland Hills",
		"category" : "Home and lifestyle",
		"min_rating" : 4,
		"max_rating" : 9.3,
		"avg_rating" : 6.344117647058823
	},
	{
		"city" : "Brownsville",
		"category" : "Fashion accessories",
		"min_rating" : 3,
		"max_rating" : 9,
		"avg_rating" : 6.47741935483871
	},
	{
		"city" : "Hurst",
		"category" : "Sports and travel",
		"min_rating" : 5.3,
		"max_rating" : 7.3,
		"avg_rating" : 6.3
	},
	{
		"city" : "Weatherford",
		"category" : "Fashion accessories",
		"min_rating" : 3,
		"max_rating" : 7.4,
		"avg_rating" : 4.953424657534247
	},
	{
		"city" : "Lufkin",
		"category" : "Food and beverages",
		"min_rating" : 7.2,
		"max_rating" : 9.9,
		"avg_rating" : 8.600000000000001
	},
	{
		"city" : "Del Rio",
		"category" : "Sports and travel",
		"min_rating" : 4.1,
		"max_rating" : 9.3,
		"avg_rating" : 6.700000000000001
	},
	{
		"city" : "Weslaco",
		"category" : "Food and beverages",
		"min_rating" : 7.1,
		"max_rating" : 9.8,
		"avg_rating" : 8.733333333333333
	},
	{
		"city" : "Canyon",
		"category" : "Health and beauty",
		"min_rating" : 5.8,
		"max_rating" : 8.9,
		"avg_rating" : 6.8999999999999995
	},
	{
		"city" : "Alamo",
		"category" : "Sports and travel",
		"min_rating" : 5,
		"max_rating" : 10,
		"avg_rating" : 7.3
	},
	{
		"city" : "Odessa",
		"category" : "Food and beverages",
		"min_rating" : 7.7,
		"max_rating" : 8.3,
		"avg_rating" : 8
	},
	{
		"city" : "Pasadena",
		"category" : "Sports and travel",
		"min_rating" : 5.5,
		"max_rating" : 9.3,
		"avg_rating" : 6.875
	},
	{
		"city" : "Lubbock",
		"category" : "Food and beverages",
		"min_rating" : 7,
		"max_rating" : 7,
		"avg_rating" : 7
	},
	{
		"city" : "Schertz",
		"category" : "Sports and travel",
		"min_rating" : 4.1,
		"max_rating" : 6.5,
		"avg_rating" : 5.466666666666666
	},
	{
		"city" : "Euless",
		"category" : "Food and beverages",
		"min_rating" : 4.5,
		"max_rating" : 8.8,
		"avg_rating" : 6.766666666666667
	},
	{
		"city" : "Rockwall",
		"category" : "Food and beverages",
		"min_rating" : 4.8,
		"max_rating" : 6.5,
		"avg_rating" : 5.566666666666666
	},
	{
		"city" : "Southlake",
		"category" : "Sports and travel",
		"min_rating" : 8.5,
		"max_rating" : 9.7,
		"avg_rating" : 8.9
	},
	{
		"city" : "Longview",
		"category" : "Food and beverages",
		"min_rating" : 8,
		"max_rating" : 9.9,
		"avg_rating" : 9.025
	},
	{
		"city" : "Longview",
		"category" : "Electronic accessories",
		"min_rating" : 6.3,
		"max_rating" : 7.5,
		"avg_rating" : 6.9
	},
	{
		"city" : "Flower Mound",
		"category" : "Electronic accessories",
		"min_rating" : 5.9,
		"max_rating" : 9.8,
		"avg_rating" : 7.266666666666667
	},
	{
		"city" : "DeSoto",
		"category" : "Home and lifestyle",
		"min_rating" : 3,
		"max_rating" : 9,
		"avg_rating" : 5.969230769230769
	},
	{
		"city" : "Seguin",
		"category" : "Food and beverages",
		"min_rating" : 9.6,
		"max_rating" : 9.6,
		"avg_rating" : 9.6
	},
	{
		"city" : "Pflugerville",
		"category" : "Fashion accessories",
		"min_rating" : 3,
		"max_rating" : 9,
		"avg_rating" : 6.6
	},
	{
		"city" : "Rosenberg",
		"category" : "Health and beauty",
		"min_rating" : 9.9,
		"max_rating" : 9.9,
		"avg_rating" : 9.9
	},
	{
		"city" : "Seguin",
		"category" : "Fashion accessories",
		"min_rating" : 3,
		"max_rating" : 8,
		"avg_rating" : 5.186764705882353
	},
	{
		"city" : "Conroe",
		"category" : "Sports and travel",
		"min_rating" : 8,
		"max_rating" : 8,
		"avg_rating" : 8
	},
	{
		"city" : "Carrollton",
		"category" : "Health and beauty",
		"min_rating" : 5.7,
		"max_rating" : 5.7,
		"avg_rating" : 5.7
	},
	{
		"city" : "Lancaster",
		"category" : "Food and beverages",
		"min_rating" : 5,
		"max_rating" : 9.8,
		"avg_rating" : 7.599999999999999
	},
	{
		"city" : "Midland",
		"category" : "Home and lifestyle",
		"min_rating" : 4,
		"max_rating" : 9,
		"avg_rating" : 6.369565217391305
	},
	{
		"city" : "Sugar Land",
		"category" : "Home and lifestyle",
		"min_rating" : 3,
		"max_rating" : 9,
		"avg_rating" : 5.224719101123595
	},
	{
		"city" : "Schertz",
		"category" : "Home and lifestyle",
		"min_rating" : 3,
		"max_rating" : 9.8,
		"avg_rating" : 5.369
	},
	{
		"city" : "Pflugerville",
		"category" : "Home and lifestyle",
		"min_rating" : 4,
		"max_rating" : 9,
		"avg_rating" : 6.828571428571428
	},
	{
		"city" : "Galveston",
		"category" : "Fashion accessories",
		"min_rating" : 3,
		"max_rating" : 9.5,
		"avg_rating" : 6
	},
	{
		"city" : "Grand Prairie",
		"category" : "Home and lifestyle",
		"min_rating" : 3,
		"max_rating" : 9,
		"avg_rating" : 6.223076923076923
	},
	{
		"city" : "Grapevine",
		"category" : "Fashion accessories",
		"min_rating" : 3,
		"max_rating" : 9,
		"avg_rating" : 6.46875
	},
	{
		"city" : "La Porte",
		"category" : "Health and beauty",
		"min_rating" : 4.9,
		"max_rating" : 9.1,
		"avg_rating" : 7
	},
	{
		"city" : "Dallas",
		"category" : "Home and lifestyle",
		"min_rating" : 3,
		"max_rating" : 9,
		"avg_rating" : 6.003448275862069
	},
	{
		"city" : "Alamo",
		"category" : "Health and beauty",
		"min_rating" : 7.7,
		"max_rating" : 8.2,
		"avg_rating" : 7.949999999999999
	},
	{
		"city" : "Flower Mound",
		"category" : "Food and beverages",
		"min_rating" : 5.5,
		"max_rating" : 5.5,
		"avg_rating" : 5.5
	},
	{
		"city" : "Canyon",
		"category" : "Sports and travel",
		"min_rating" : 5.2,
		"max_rating" : 7,
		"avg_rating" : 6.333333333333333
	},
	{
		"city" : "Fort Worth",
		"category" : "Electronic accessories",
		"min_rating" : 5.1,
		"max_rating" : 9.9,
		"avg_rating" : 6.8
	},
	{
		"city" : "Rosenberg",
		"category" : "Electronic accessories",
		"min_rating" : 3,
		"max_rating" : 9.8,
		"avg_rating" : 5.825
	},
	{
		"city" : "Texas City",
		"category" : "Home and lifestyle",
		"min_rating" : 3,
		"max_rating" : 7,
		"avg_rating" : 4.9291139240506325
	},
	{
		"city" : "Kerrville",
		"category" : "Health and beauty",
		"min_rating" : 7.9,
		"max_rating" : 8.7,
		"avg_rating" : 8.3
	},
	{
		"city" : "Waxahachie",
		"category" : "Home and lifestyle",
		"min_rating" : 3,
		"max_rating" : 9,
		"avg_rating" : 5.074698795180723
	},
	{
		"city" : "Baytown",
		"category" : "Fashion accessories",
		"min_rating" : 3,
		"max_rating" : 9.5,
		"avg_rating" : 6.120454545454546
	},
	{
		"city" : "Victoria",
		"category" : "Electronic accessories",
		"min_rating" : 3,
		"max_rating" : 7.3,
		"avg_rating" : 5.275
	},
	{
		"city" : "Angleton",
		"category" : "Sports and travel",
		"min_rating" : 4.4,
		"max_rating" : 9.7,
		"avg_rating" : 6.7
	},
	{
		"city" : "Texas City",
		"category" : "Sports and travel",
		"min_rating" : 4.5,
		"max_rating" : 6.5,
		"avg_rating" : 5.5
	},
	{
		"city" : "Sugar Land",
		"category" : "Sports and travel",
		"min_rating" : 8.5,
		"max_rating" : 8.5,
		"avg_rating" : 8.5
	},
	{
		"city" : "Friendswood",
		"category" : "Electronic accessories",
		"min_rating" : 5.5,
		"max_rating" : 5.5,
		"avg_rating" : 5.5
	},
	{
		"city" : "Rowlett",
		"category" : "Food and beverages",
		"min_rating" : 5.4,
		"max_rating" : 6.1,
		"avg_rating" : 5.75
	},
	{
		"city" : "Killeen",
		"category" : "Electronic accessories",
		"min_rating" : 4.4,
		"max_rating" : 9.4,
		"avg_rating" : 6.550000000000001
	},
	{
		"city" : "San Antonio",
		"category" : "Food and beverages",
		"min_rating" : 5.6,
		"max_rating" : 7.6,
		"avg_rating" : 6.466666666666666
	},
	{
		"city" : "Haltom City",
		"category" : "Sports and travel",
		"min_rating" : 9.7,
		"max_rating" : 9.7,
		"avg_rating" : 9.7
	},
	{
		"city" : "Pflugerville",
		"category" : "Health and beauty",
		"min_rating" : 4,
		"max_rating" : 8.4,
		"avg_rating" : 6.8
	},
	{
		"city" : "Burleson",
		"category" : "Electronic accessories",
		"min_rating" : 9.7,
		"max_rating" : 9.7,
		"avg_rating" : 9.7
	},
	{
		"city" : "North Richland Hills",
		"category" : "Electronic accessories",
		"min_rating" : 5.3,
		"max_rating" : 7.9,
		"avg_rating" : 6.6
	},
	{
		"city" : "Arlington",
		"category" : "Fashion accessories",
		"min_rating" : 3,
		"max_rating" : 9,
		"avg_rating" : 6.196969696969697
	},
	{
		"city" : "Carrollton",
		"category" : "Electronic accessories",
		"min_rating" : 8.7,
		"max_rating" : 8.7,
		"avg_rating" : 8.7
	},
	{
		"city" : "Rockwall",
		"category" : "Health and beauty",
		"min_rating" : 4.1,
		"max_rating" : 6.5,
		"avg_rating" : 5.366666666666667
	},
	{
		"city" : "Burleson",
		"category" : "Health and beauty",
		"min_rating" : 4.9,
		"max_rating" : 4.9,
		"avg_rating" : 4.9
	},
	{
		"city" : "Midland",
		"category" : "Fashion accessories",
		"min_rating" : 3,
		"max_rating" : 9,
		"avg_rating" : 6.431578947368421
	},
	{
		"city" : "Edinburg",
		"category" : "Electronic accessories",
		"min_rating" : 4.3,
		"max_rating" : 9.8,
		"avg_rating" : 7.05
	},
	{
		"city" : "Kerrville",
		"category" : "Fashion accessories",
		"min_rating" : 3,
		"max_rating" : 9,
		"avg_rating" : 6.802777777777778
	},
	{
		"city" : "Plano",
		"category" : "Food and beverages",
		"min_rating" : 5.6,
		"max_rating" : 7.8,
		"avg_rating" : 7
	},
	{
		"city" : "Coppell",
		"category" : "Fashion accessories",
		"min_rating" : 3,
		"max_rating" : 9,
		"avg_rating" : 6.418181818181819
	},
	{
		"city" : "Hurst",
		"category" : "Home and lifestyle",
		"min_rating" : 3,
		"max_rating" : 9,
		"avg_rating" : 6.573333333333333
	},
	{
		"city" : "McAllen",
		"category" : "Home and lifestyle",
		"min_rating" : 4,
		"max_rating" : 9,
		"avg_rating" : 6.058620689655172
	},
	{
		"city" : "Pasadena",
		"category" : "Electronic accessories",
		"min_rating" : 8,
		"max_rating" : 8.8,
		"avg_rating" : 8.4
	},
	{
		"city" : "Denton",
		"category" : "Food and beverages",
		"min_rating" : 4.2,
		"max_rating" : 4.2,
		"avg_rating" : 4.2
	},
	{
		"city" : "Pearland",
		"category" : "Food and beverages",
		"min_rating" : 6.4,
		"max_rating" : 6.4,
		"avg_rating" : 6.4
	},
	{
		"city" : "Del Rio",
		"category" : "Fashion accessories",
		"min_rating" : 4,
		"max_rating" : 9,
		"avg_rating" : 6.380645161290323
	},
	{
		"city" : "Grapevine",
		"category" : "Sports and travel",
		"min_rating" : 7.2,
		"max_rating" : 7.2,
		"avg_rating" : 7.2
	},
	{
		"city" : "Brownsville",
		"category" : "Home and lifestyle",
		"min_rating" : 3,
		"max_rating" : 9,
		"avg_rating" : 6.4225806451612915
	},
	{
		"city" : "Harlingen",
		"category" : "Fashion accessories",
		"min_rating" : 4,
		"max_rating" : 9.2,
		"avg_rating" : 6.62972972972973
	},
	{
		"city" : "Round Rock",
		"category" : "Electronic accessories",
		"min_rating" : 4,
		"max_rating" : 7,
		"avg_rating" : 5.846153846153846
	},
	{
		"city" : "Canyon",
		"category" : "Electronic accessories",
		"min_rating" : 5,
		"max_rating" : 6.9,
		"avg_rating" : 6.166666666666667
	},
	{
		"city" : "Weslaco",
		"category" : "Electronic accessories",
		"min_rating" : 3,
		"max_rating" : 8.4,
		"avg_rating" : 5.078260869565217
	},
	{
		"city" : "Pasadena",
		"category" : "Fashion accessories",
		"min_rating" : 3,
		"max_rating" : 9,
		"avg_rating" : 5.909375
	},
	{
		"city" : "Weatherford",
		"category" : "Sports and travel",
		"min_rating" : 4.2,
		"max_rating" : 6.2,
		"avg_rating" : 5.2
	},
	{
		"city" : "San Marcos",
		"category" : "Sports and travel",
		"min_rating" : 6.3,
		"max_rating" : 8.7,
		"avg_rating" : 7.8999999999999995
	},
	{
		"city" : "Friendswood",
		"category" : "Food and beverages",
		"min_rating" : 8.5,
		"max_rating" : 9.5,
		"avg_rating" : 9.1
	},
	{
		"city" : "Abilene",
		"category" : "Health and beauty",
		"min_rating" : 9.7,
		"max_rating" : 9.7,
		"avg_rating" : 9.7
	},
	{
		"city" : "Alamo",
		"category" : "Home and lifestyle",
		"min_rating" : 3,
		"max_rating" : 9,
		"avg_rating" : 6.300000000000001
	},
	{
		"city" : "Waco",
		"category" : "Home and lifestyle",
		"min_rating" : 3,
		"max_rating" : 9,
		"avg_rating" : 5.161728395061728
	},
	{
		"city" : "Rowlett",
		"category" : "Fashion accessories",
		"min_rating" : 3,
		"max_rating" : 9.8,
		"avg_rating" : 5.121951219512195
	},
	{
		"city" : "Abilene",
		"category" : "Home and lifestyle",
		"min_rating" : 4,
		"max_rating" : 9,
		"avg_rating" : 6.096875
	},
	{
		"city" : "Little Elm",
		"category" : "Fashion accessories",
		"min_rating" : 4,
		"max_rating" : 9.6,
		"avg_rating" : 6.118181818181817
	},
	{
		"city" : "New Braunfels",
		"category" : "Sports and travel",
		"min_rating" : 8.2,
		"max_rating" : 9.6,
		"avg_rating" : 8.899999999999999
	},
	{
		"city" : "Seguin",
		"category" : "Home and lifestyle",
		"min_rating" : 3,
		"max_rating" : 9,
		"avg_rating" : 5.325641025641025
	},
	{
		"city" : "Allen",
		"category" : "Home and lifestyle",
		"min_rating" : 4,
		"max_rating" : 9,
		"avg_rating" : 6.2178571428571425
	},
	{
		"city" : "Richardson",
		"category" : "Health and beauty",
		"min_rating" : 5,
		"max_rating" : 8.9,
		"avg_rating" : 7.466666666666666
	},
	{
		"city" : "Laredo",
		"category" : "Home and lifestyle",
		"min_rating" : 3,
		"max_rating" : 9,
		"avg_rating" : 6.263333333333334
	},
	{
		"city" : "Alamo",
		"category" : "Food and beverages",
		"min_rating" : 5.2,
		"max_rating" : 5.2,
		"avg_rating" : 5.2
	},
	{
		"city" : "Weslaco",
		"category" : "Home and lifestyle",
		"min_rating" : 3,
		"max_rating" : 9.2,
		"avg_rating" : 5.183505154639176
	},
	{
		"city" : "McKinney",
		"category" : "Electronic accessories",
		"min_rating" : 7,
		"max_rating" : 7,
		"avg_rating" : 7
	},
	{
		"city" : "Arlington",
		"category" : "Electronic accessories",
		"min_rating" : 4.7,
		"max_rating" : 5.5,
		"avg_rating" : 5.166666666666667
	},
	{
		"city" : "Midland",
		"category" : "Health and beauty",
		"min_rating" : 5.9,
		"max_rating" : 9.7,
		"avg_rating" : 7.999999999999999
	},
	{
		"city" : "Allen",
		"category" : "Electronic accessories",
		"min_rating" : 6.4,
		"max_rating" : 6.4,
		"avg_rating" : 6.4
	},
	{
		"city" : "Kerrville",
		"category" : "Home and lifestyle",
		"min_rating" : 4,
		"max_rating" : 9,
		"avg_rating" : 6.2125
	},
	{
		"city" : "McKinney",
		"category" : "Home and lifestyle",
		"min_rating" : 3,
		"max_rating" : 9,
		"avg_rating" : 5.9270270270270276
	},
	{
		"city" : "Canyon",
		"category" : "Fashion accessories",
		"min_rating" : 3,
		"max_rating" : 9,
		"avg_rating" : 6.068
	},
	{
		"city" : "Harlingen",
		"category" : "Health and beauty",
		"min_rating" : 4.7,
		"max_rating" : 8.1,
		"avg_rating" : 6.633333333333333
	},
	{
		"city" : "Lewisville",
		"category" : "Food and beverages",
		"min_rating" : 4.4,
		"max_rating" : 4.4,
		"avg_rating" : 4.4
	},
	{
		"city" : "Missouri City",
		"category" : "Electronic accessories",
		"min_rating" : 4,
		"max_rating" : 8.6,
		"avg_rating" : 6.3
	},
	{
		"city" : "Conroe",
		"category" : "Electronic accessories",
		"min_rating" : 4.3,
		"max_rating" : 8.5,
		"avg_rating" : 6.4
	},
	{
		"city" : "Cleburne",
		"category" : "Sports and travel",
		"min_rating" : 6.4,
		"max_rating" : 9.6,
		"avg_rating" : 7.666666666666667
	},
	{
		"city" : "Pearland",
		"category" : "Electronic accessories",
		"min_rating" : 4.7,
		"max_rating" : 4.7,
		"avg_rating" : 4.7
	},
	{
		"city" : "Garland",
		"category" : "Fashion accessories",
		"min_rating" : 3,
		"max_rating" : 9.5,
		"avg_rating" : 6.4
	},
	{
		"city" : "Allen",
		"category" : "Sports and travel",
		"min_rating" : 5.5,
		"max_rating" : 5.5,
		"avg_rating" : 5.5
	},
	{
		"city" : "Denton",
		"category" : "Health and beauty",
		"min_rating" : 5,
		"max_rating" : 8.7,
		"avg_rating" : 6.85
	},
	{
		"city" : "San Marcos",
		"category" : "Electronic accessories",
		"min_rating" : 3,
		"max_rating" : 8.9,
		"avg_rating" : 4.794444444444445
	},
	{
		"city" : "Richardson",
		"category" : "Food and beverages",
		"min_rating" : 4,
		"max_rating" : 5.2,
		"avg_rating" : 4.6
	},
	{
		"city" : "Little Elm",
		"category" : "Electronic accessories",
		"min_rating" : 4.9,
		"max_rating" : 7.6,
		"avg_rating" : 6.25
	},
	{
		"city" : "Brownsville",
		"category" : "Health and beauty",
		"min_rating" : 6.2,
		"max_rating" : 8.4,
		"avg_rating" : 7.3
	},
	{
		"city" : "League City",
		"category" : "Health and beauty",
		"min_rating" : 7.7,
		"max_rating" : 9.8,
		"avg_rating" : 8.75
	},
	{
		"city" : "Laredo",
		"category" : "Fashion accessories",
		"min_rating" : 3,
		"max_rating" : 9.6,
		"avg_rating" : 6.94375
	},
	{
		"city" : "Rosenberg",
		"category" : "Home and lifestyle",
		"min_rating" : 3,
		"max_rating" : 9.4,
		"avg_rating" : 5.033333333333333
	},
	{
		"city" : "Huntsville",
		"category" : "Food and beverages",
		"min_rating" : 6.4,
		"max_rating" : 9.1,
		"avg_rating" : 8.1
	},
	{
		"city" : "Hurst",
		"category" : "Fashion accessories",
		"min_rating" : 3,
		"max_rating" : 9,
		"avg_rating" : 6.092592592592593
	},
	{
		"city" : "College Station",
		"category" : "Food and beverages",
		"min_rating" : 6.5,
		"max_rating" : 7.9,
		"avg_rating" : 7.2
	},
	{
		"city" : "Tyler",
		"category" : "Electronic accessories",
		"min_rating" : 3,
		"max_rating" : 9.1,
		"avg_rating" : 5.315384615384615
	},
	{
		"city" : "Carrollton",
		"category" : "Fashion accessories",
		"min_rating" : 3,
		"max_rating" : 9,
		"avg_rating" : 6.431034482758621
	},
	{
		"city" : "Brownsville",
		"category" : "Electronic accessories",
		"min_rating" : 5,
		"max_rating" : 9.5,
		"avg_rating" : 7.125
	},
	{
		"city" : "New Braunfels",
		"category" : "Food and beverages",
		"min_rating" : 4.3,
		"max_rating" : 8.9,
		"avg_rating" : 6.6000000000000005
	},
	{
		"city" : "Missouri City",
		"category" : "Food and beverages",
		"min_rating" : 9.3,
		"max_rating" : 9.3,
		"avg_rating" : 9.3
	},
	{
		"city" : "Big Spring",
		"category" : "Electronic accessories",
		"min_rating" : 5.1,
		"max_rating" : 8,
		"avg_rating" : 6.233333333333333
	},
	{
		"city" : "Pasadena",
		"category" : "Home and lifestyle",
		"min_rating" : 4,
		"max_rating" : 9,
		"avg_rating" : 6.993939393939394
	},
	{
		"city" : "Odessa",
		"category" : "Fashion accessories",
		"min_rating" : 4,
		"max_rating" : 9.3,
		"avg_rating" : 6.333333333333333
	},
	{
		"city" : "McKinney",
		"category" : "Sports and travel",
		"min_rating" : 5.2,
		"max_rating" : 5.2,
		"avg_rating" : 5.2
	},
	{
		"city" : "Friendswood",
		"category" : "Sports and travel",
		"min_rating" : 5.6,
		"max_rating" : 5.6,
		"avg_rating" : 5.6
	},
	{
		"city" : "Laredo",
		"category" : "Food and beverages",
		"min_rating" : 5.7,
		"max_rating" : 7.4,
		"avg_rating" : 6.55
	},
	{
		"city" : "Hurst",
		"category" : "Food and beverages",
		"min_rating" : 9.1,
		"max_rating" : 9.1,
		"avg_rating" : 9.1
	},
	{
		"city" : "Dallas",
		"category" : "Food and beverages",
		"min_rating" : 8,
		"max_rating" : 8.5,
		"avg_rating" : 8.25
	},
	{
		"city" : "Southlake",
		"category" : "Home and lifestyle",
		"min_rating" : 3,
		"max_rating" : 8.7,
		"avg_rating" : 5.18641975308642
	},
	{
		"city" : "League City",
		"category" : "Food and beverages",
		"min_rating" : 7.1,
		"max_rating" : 7.1,
		"avg_rating" : 7.1
	},
	{
		"city" : "La Porte",
		"category" : "Fashion accessories",
		"min_rating" : 3,
		"max_rating" : 9.1,
		"avg_rating" : 6.587096774193548
	},
	{
		"city" : "Lancaster",
		"category" : "Electronic accessories",
		"min_rating" : 5.6,
		"max_rating" : 9,
		"avg_rating" : 7.733333333333333
	},
	{
		"city" : "Harlingen",
		"category" : "Home and lifestyle",
		"min_rating" : 3,
		"max_rating" : 9,
		"avg_rating" : 6.142857142857143
	},
	{
		"city" : "Denton",
		"category" : "Sports and travel",
		"min_rating" : 5.4,
		"max_rating" : 8.6,
		"avg_rating" : 6.7
	},
	{
		"city" : "Frisco",
		"category" : "Electronic accessories",
		"min_rating" : 7.8,
		"max_rating" : 9.7,
		"avg_rating" : 8.75
	},
	{
		"city" : "Amarillo",
		"category" : "Fashion accessories",
		"min_rating" : 3,
		"max_rating" : 9,
		"avg_rating" : 6.688461538461539
	},
	{
		"city" : "Killeen",
		"category" : "Home and lifestyle",
		"min_rating" : 4,
		"max_rating" : 9.1,
		"avg_rating" : 6.87
	},
	{
		"city" : "Plano",
		"category" : "Fashion accessories",
		"min_rating" : 3,
		"max_rating" : 9.4,
		"avg_rating" : 5.326785714285714
	},
	{
		"city" : "Eagle Pass",
		"category" : "Home and lifestyle",
		"min_rating" : 4,
		"max_rating" : 9.6,
		"avg_rating" : 6.3578947368421055
	},
	{
		"city" : "Flower Mound",
		"category" : "Sports and travel",
		"min_rating" : 4.5,
		"max_rating" : 7.5,
		"avg_rating" : 6
	},
	{
		"city" : "Corpus Christi",
		"category" : "Electronic accessories",
		"min_rating" : 4.2,
		"max_rating" : 4.2,
		"avg_rating" : 4.2
	},
	{
		"city" : "Little Elm",
		"category" : "Food and beverages",
		"min_rating" : 4.2,
		"max_rating" : 6.4,
		"avg_rating" : 5.166666666666667
	},
	{
		"city" : "El Paso",
		"category" : "Food and beverages",
		"min_rating" : 6,
		"max_rating" : 6,
		"avg_rating" : 6
	},
	{
		"city" : "College Station",
		"category" : "Health and beauty",
		"min_rating" : 10,
		"max_rating" : 10,
		"avg_rating" : 10
	},
	{
		"city" : "Weslaco",
		"category" : "Fashion accessories",
		"min_rating" : 3,
		"max_rating" : 9.5,
		"avg_rating" : 5.042011834319527
	},
	{
		"city" : "Grapevine",
		"category" : "Food and beverages",
		"min_rating" : 6,
		"max_rating" : 7.6,
		"avg_rating" : 6.733333333333333
	},
	{
		"city" : "Dallas",
		"category" : "Fashion accessories",
		"min_rating" : 3,
		"max_rating" : 9.7,
		"avg_rating" : 5.955172413793103
	},
	{
		"city" : "Missouri City",
		"category" : "Health and beauty",
		"min_rating" : 7.3,
		"max_rating" : 8.9,
		"avg_rating" : 7.866666666666667
	},
	{
		"city" : "San Marcos",
		"category" : "Food and beverages",
		"min_rating" : 4.6,
		"max_rating" : 8,
		"avg_rating" : 6.3
	},
	{
		"city" : "Lake Jackson",
		"category" : "Home and lifestyle",
		"min_rating" : 4,
		"max_rating" : 9,
		"avg_rating" : 6.1625000000000005
	},
	{
		"city" : "McKinney",
		"category" : "Health and beauty",
		"min_rating" : 5.6,
		"max_rating" : 8.3,
		"avg_rating" : 6.950000000000001
	},
	{
		"city" : "Abilene",
		"category" : "Fashion accessories",
		"min_rating" : 4,
		"max_rating" : 9,
		"avg_rating" : 6.240625
	},
	{
		"city" : "New Braunfels",
		"category" : "Fashion accessories",
		"min_rating" : 3,
		"max_rating" : 9,
		"avg_rating" : 6.094117647058823
	},
	{
		"city" : "Austin",
		"category" : "Home and lifestyle",
		"min_rating" : 4,
		"max_rating" : 9,
		"avg_rating" : 6.788461538461538
	},
	{
		"city" : "Flower Mound",
		"category" : "Fashion accessories",
		"min_rating" : 4,
		"max_rating" : 9,
		"avg_rating" : 6.608823529411764
	},
	{
		"city" : "Lubbock",
		"category" : "Health and beauty",
		"min_rating" : 4.2,
		"max_rating" : 9.5,
		"avg_rating" : 6.266666666666667
	},
	{
		"city" : "Fort Worth",
		"category" : "Health and beauty",
		"min_rating" : 7.8,
		"max_rating" : 9,
		"avg_rating" : 8.366666666666667
	},
	{
		"city" : "San Angelo",
		"category" : "Home and lifestyle",
		"min_rating" : 3,
		"max_rating" : 8.7,
		"avg_rating" : 5.35068493150685
	},
	{
		"city" : "Conroe",
		"category" : "Health and beauty",
		"min_rating" : 4.9,
		"max_rating" : 9.2,
		"avg_rating" : 7.049999999999999
	},
	{
		"city" : "Mineral Wells",
		"category" : "Electronic accessories",
		"min_rating" : 4.4,
		"max_rating" : 8.2,
		"avg_rating" : 6.866666666666667
	},
	{
		"city" : "Waxahachie",
		"category" : "Food and beverages",
		"min_rating" : 7.5,
		"max_rating" : 7.5,
		"avg_rating" : 7.5
	},
	{
		"city" : "Temple",
		"category" : "Electronic accessories",
		"min_rating" : 3,
		"max_rating" : 9.8,
		"avg_rating" : 5.4799999999999995
	},
	{
		"city" : "Tyler",
		"category" : "Fashion accessories",
		"min_rating" : 3,
		"max_rating" : 9.4,
		"avg_rating" : 5.541095890410959
	},
	{
		"city" : "Schertz",
		"category" : "Fashion accessories",
		"min_rating" : 3,
		"max_rating" : 9.5,
		"avg_rating" : 5.305376344086021
	},
	{
		"city" : "Galveston",
		"category" : "Electronic accessories",
		"min_rating" : 5.5,
		"max_rating" : 6.4,
		"avg_rating" : 5.95
	},
	{
		"city" : "Richardson",
		"category" : "Fashion accessories",
		"min_rating" : 3,
		"max_rating" : 9.6,
		"avg_rating" : 5.320353982300885
	},
	{
		"city" : "Pharr",
		"category" : "Sports and travel",
		"min_rating" : 9,
		"max_rating" : 9,
		"avg_rating" : 9
	},
	{
		"city" : "Plano",
		"category" : "Sports and travel",
		"min_rating" : 9.6,
		"max_rating" : 9.6,
		"avg_rating" : 9.6
	},
	{
		"city" : "League City",
		"category" : "Electronic accessories",
		"min_rating" : 6.5,
		"max_rating" : 7.3,
		"avg_rating" : 6.9
	},
	{
		"city" : "Houston",
		"category" : "Sports and travel",
		"min_rating" : 4.3,
		"max_rating" : 9.3,
		"avg_rating" : 6.533333333333334
	},
	{
		"city" : "Round Rock",
		"category" : "Home and lifestyle",
		"min_rating" : 3,
		"max_rating" : 9.3,
		"avg_rating" : 5.176923076923076
	},
	{
		"city" : "Victoria",
		"category" : "Fashion accessories",
		"min_rating" : 3,
		"max_rating" : 9.5,
		"avg_rating" : 5.2384615384615385
	},
	{
		"city" : "Georgetown",
		"category" : "Health and beauty",
		"min_rating" : 5.3,
		"max_rating" : 5.3,
		"avg_rating" : 5.3
	},
	{
		"city" : "Coppell",
		"category" : "Sports and travel",
		"min_rating" : 9.6,
		"max_rating" : 9.6,
		"avg_rating" : 9.6
	},
	{
		"city" : "Weatherford",
		"category" : "Electronic accessories",
		"min_rating" : 5,
		"max_rating" : 7,
		"avg_rating" : 5.95
	},
	{
		"city" : "Coppell",
		"category" : "Electronic accessories",
		"min_rating" : 4.9,
		"max_rating" : 7.6,
		"avg_rating" : 6.4
	},
	{
		"city" : "Burleson",
		"category" : "Food and beverages",
		"min_rating" : 4.8,
		"max_rating" : 4.8,
		"avg_rating" : 4.8
	},
	{
		"city" : "Odessa",
		"category" : "Electronic accessories",
		"min_rating" : 4.1,
		"max_rating" : 5,
		"avg_rating" : 4.6000000000000005
	},
	{
		"city" : "Nacogdoches",
		"category" : "Food and beverages",
		"min_rating" : 4.4,
		"max_rating" : 9.1,
		"avg_rating" : 6
	},
	{
		"city" : "Bedford",
		"category" : "Food and beverages",
		"min_rating" : 4.5,
		"max_rating" : 5.6,
		"avg_rating" : 5.05
	},
	{
		"city" : "Rosenberg",
		"category" : "Food and beverages",
		"min_rating" : 6,
		"max_rating" : 8.7,
		"avg_rating" : 7.2
	},
	{
		"city" : "Lufkin",
		"category" : "Electronic accessories",
		"min_rating" : 8.4,
		"max_rating" : 8.4,
		"avg_rating" : 8.4
	},
	{
		"city" : "Laredo",
		"category" : "Health and beauty",
		"min_rating" : 6.3,
		"max_rating" : 6.3,
		"avg_rating" : 6.3
	},
	{
		"city" : "Pflugerville",
		"category" : "Sports and travel",
		"min_rating" : 4.2,
		"max_rating" : 9.9,
		"avg_rating" : 6.933333333333334
	},
	{
		"city" : "Euless",
		"category" : "Electronic accessories",
		"min_rating" : 5,
		"max_rating" : 6.7,
		"avg_rating" : 5.85
	},
	{
		"city" : "Del Rio",
		"category" : "Food and beverages",
		"min_rating" : 8.4,
		"max_rating" : 9.6,
		"avg_rating" : 9
	},
	{
		"city" : "Grapevine",
		"category" : "Electronic accessories",
		"min_rating" : 6.2,
		"max_rating" : 6.2,
		"avg_rating" : 6.2
	},
	{
		"city" : "Nacogdoches",
		"category" : "Home and lifestyle",
		"min_rating" : 4,
		"max_rating" : 9,
		"avg_rating" : 6.448275862068965
	},
	{
		"city" : "San Antonio",
		"category" : "Sports and travel",
		"min_rating" : 7,
		"max_rating" : 8,
		"avg_rating" : 7.5
	},
	{
		"city" : "DeSoto",
		"category" : "Sports and travel",
		"min_rating" : 6.6,
		"max_rating" : 6.6,
		"avg_rating" : 6.6
	},
	{
		"city" : "Nacogdoches",
		"category" : "Fashion accessories",
		"min_rating" : 3,
		"max_rating" : 9,
		"avg_rating" : 6.3307692307692305
	},
	{
		"city" : "Victoria",
		"category" : "Home and lifestyle",
		"min_rating" : 3,
		"max_rating" : 7,
		"avg_rating" : 5.003846153846154
	},
	{
		"city" : "Georgetown",
		"category" : "Home and lifestyle",
		"min_rating" : 4,
		"max_rating" : 9.8,
		"avg_rating" : 6.154545454545455
	},
	{
		"city" : "Austin",
		"category" : "Fashion accessories",
		"min_rating" : 4,
		"max_rating" : 9,
		"avg_rating" : 7.16774193548387
	},
	{
		"city" : "Friendswood",
		"category" : "Fashion accessories",
		"min_rating" : 3,
		"max_rating" : 9,
		"avg_rating" : 6.315625
	},
	{
		"city" : "Mineral Wells",
		"category" : "Food and beverages",
		"min_rating" : 6.2,
		"max_rating" : 6.2,
		"avg_rating" : 6.2
	},
	{
		"city" : "Seguin",
		"category" : "Sports and travel",
		"min_rating" : 8.9,
		"max_rating" : 8.9,
		"avg_rating" : 8.9
	},
	{
		"city" : "Lufkin",
		"category" : "Sports and travel",
		"min_rating" : 5.9,
		"max_rating" : 9.6,
		"avg_rating" : 7.75
	},
	{
		"city" : "El Paso",
		"category" : "Fashion accessories",
		"min_rating" : 3,
		"max_rating" : 9.1,
		"avg_rating" : 6.797058823529412
	},
	{
		"city" : "Harlingen",
		"category" : "Sports and travel",
		"min_rating" : 5.9,
		"max_rating" : 9.5,
		"avg_rating" : 8.066666666666666
	},
	{
		"city" : "Pflugerville",
		"category" : "Food and beverages",
		"min_rating" : 4.3,
		"max_rating" : 7.7,
		"avg_rating" : 6.566666666666666
	},
	{
		"city" : "Coppell",
		"category" : "Health and beauty",
		"min_rating" : 4,
		"max_rating" : 7,
		"avg_rating" : 5.5
	},
	{
		"city" : "Euless",
		"category" : "Sports and travel",
		"min_rating" : 4.2,
		"max_rating" : 6.7,
		"avg_rating" : 5.7
	},
	{
		"city" : "Arlington",
		"category" : "Home and lifestyle",
		"min_rating" : 3,
		"max_rating" : 9,
		"avg_rating" : 6.326666666666667
	},
	{
		"city" : "Waco",
		"category" : "Fashion accessories",
		"min_rating" : 3,
		"max_rating" : 9,
		"avg_rating" : 5.478125
	},
	{
		"city" : "Corpus Christi",
		"category" : "Home and lifestyle",
		"min_rating" : 3,
		"max_rating" : 9.7,
		"avg_rating" : 6.633333333333334
	},
	{
		"city" : "Pearland",
		"category" : "Sports and travel",
		"min_rating" : 4.3,
		"max_rating" : 7.7,
		"avg_rating" : 6
	},
	{
		"city" : "Pflugerville",
		"category" : "Electronic accessories",
		"min_rating" : 7.7,
		"max_rating" : 8.1,
		"avg_rating" : 7.9
	},
	{
		"city" : "Alice",
		"category" : "Home and lifestyle",
		"min_rating" : 4,
		"max_rating" : 9,
		"avg_rating" : 6.041935483870968
	},
	{
		"city" : "Weslaco",
		"category" : "Sports and travel",
		"min_rating" : 4.1,
		"max_rating" : 7.1,
		"avg_rating" : 5.6
	},
	{
		"city" : "Big Spring",
		"category" : "Fashion accessories",
		"min_rating" : 4,
		"max_rating" : 9,
		"avg_rating" : 6.51875
	},
	{
		"city" : "Seguin",
		"category" : "Health and beauty",
		"min_rating" : 7,
		"max_rating" : 7.7,
		"avg_rating" : 7.35
	},
	{
		"city" : "Kerrville",
		"category" : "Food and beverages",
		"min_rating" : 8.4,
		"max_rating" : 8.4,
		"avg_rating" : 8.4
	},
	{
		"city" : "Georgetown",
		"category" : "Fashion accessories",
		"min_rating" : 3,
		"max_rating" : 9,
		"avg_rating" : 6.207692307692308
	},
	{
		"city" : "Galveston",
		"category" : "Food and beverages",
		"min_rating" : 5.1,
		"max_rating" : 5.1,
		"avg_rating" : 5.1
	},
	{
		"city" : "Bryan",
		"category" : "Home and lifestyle",
		"min_rating" : 4,
		"max_rating" : 9.1,
		"avg_rating" : 6.4
	},
	{
		"city" : "Little Elm",
		"category" : "Sports and travel",
		"min_rating" : 5,
		"max_rating" : 5,
		"avg_rating" : 5
	},
	{
		"city" : "Eagle Pass",
		"category" : "Fashion accessories",
		"min_rating" : 3,
		"max_rating" : 9,
		"avg_rating" : 5.977142857142857
	},
	{
		"city" : "Cedar Park",
		"category" : "Electronic accessories",
		"min_rating" : 5,
		"max_rating" : 8,
		"avg_rating" : 6.633333333333333
	},
	{
		"city" : "Amarillo",
		"category" : "Home and lifestyle",
		"min_rating" : 3,
		"max_rating" : 9,
		"avg_rating" : 6.395454545454545
	},
	{
		"city" : "Allen",
		"category" : "Food and beverages",
		"min_rating" : 5.6,
		"max_rating" : 5.6,
		"avg_rating" : 5.6
	},
	{
		"city" : "Southlake",
		"category" : "Electronic accessories",
		"min_rating" : 3,
		"max_rating" : 7,
		"avg_rating" : 5.57
	},
	{
		"city" : "Killeen",
		"category" : "Fashion accessories",
		"min_rating" : 3,
		"max_rating" : 9,
		"avg_rating" : 6.0285714285714285
	},
	{
		"city" : "North Richland Hills",
		"category" : "Food and beverages",
		"min_rating" : 5,
		"max_rating" : 6.3,
		"avg_rating" : 5.866666666666667
	},
	{
		"city" : "Brownwood",
		"category" : "Sports and travel",
		"min_rating" : 5.1,
		"max_rating" : 9.9,
		"avg_rating" : 8.133333333333333
	},
	{
		"city" : "Farmers Branch",
		"category" : "Fashion accessories",
		"min_rating" : 3,
		"max_rating" : 9,
		"avg_rating" : 6.151428571428572
	},
	{
		"city" : "Temple",
		"category" : "Home and lifestyle",
		"min_rating" : 3,
		"max_rating" : 9,
		"avg_rating" : 5.190789473684211
	},
	{
		"city" : "Lake Jackson",
		"category" : "Sports and travel",
		"min_rating" : 4.2,
		"max_rating" : 8.6,
		"avg_rating" : 6.3999999999999995
	},
	{
		"city" : "Richardson",
		"category" : "Sports and travel",
		"min_rating" : 8.6,
		"max_rating" : 8.6,
		"avg_rating" : 8.6
	},
	{
		"city" : "Mansfield",
		"category" : "Food and beverages",
		"min_rating" : 5.8,
		"max_rating" : 8.1,
		"avg_rating" : 6.65
	},
	{
		"city" : "Big Spring",
		"category" : "Health and beauty",
		"min_rating" : 6,
		"max_rating" : 8.4,
		"avg_rating" : 7.725
	},
	{
		"city" : "Houston",
		"category" : "Fashion accessories",
		"min_rating" : 3,
		"max_rating" : 9.5,
		"avg_rating" : 6.357575757575758
	},
	{
		"city" : "Sugar Land",
		"category" : "Food and beverages",
		"min_rating" : 5.1,
		"max_rating" : 9.2,
		"avg_rating" : 7.15
	},
	{
		"city" : "Friendswood",
		"category" : "Health and beauty",
		"min_rating" : 4.4,
		"max_rating" : 9.3,
		"avg_rating" : 7.066666666666667
	},
	{
		"city" : "Temple",
		"category" : "Sports and travel",
		"min_rating" : 4.1,
		"max_rating" : 9.8,
		"avg_rating" : 6.533333333333334
	},
	{
		"city" : "Odessa",
		"category" : "Sports and travel",
		"min_rating" : 4.8,
		"max_rating" : 4.8,
		"avg_rating" : 4.8
	},
	{
		"city" : "Killeen",
		"category" : "Sports and travel",
		"min_rating" : 5.3,
		"max_rating" : 7.4,
		"avg_rating" : 6.35
	},
	{
		"city" : "Flower Mound",
		"category" : "Home and lifestyle",
		"min_rating" : 4,
		"max_rating" : 9.6,
		"avg_rating" : 6.258974358974359
	},
	{
		"city" : "Nacogdoches",
		"category" : "Electronic accessories",
		"min_rating" : 6.4,
		"max_rating" : 8,
		"avg_rating" : 7.2
	},
	{
		"city" : "Bedford",
		"category" : "Fashion accessories",
		"min_rating" : 3,
		"max_rating" : 9,
		"avg_rating" : 5.859375
	},
	{
		"city" : "Rockwall",
		"category" : "Fashion accessories",
		"min_rating" : 3,
		"max_rating" : 9,
		"avg_rating" : 5.455769230769231
	},
	{
		"city" : "McAllen",
		"category" : "Food and beverages",
		"min_rating" : 6.2,
		"max_rating" : 6.4,
		"avg_rating" : 6.3
	},
	{
		"city" : "North Richland Hills",
		"category" : "Fashion accessories",
		"min_rating" : 3,
		"max_rating" : 9,
		"avg_rating" : 5.748275862068965
	},
	{
		"city" : "Round Rock",
		"category" : "Food and beverages",
		"min_rating" : 8.9,
		"max_rating" : 8.9,
		"avg_rating" : 8.9
	},
	{
		"city" : "Sugar Land",
		"category" : "Electronic accessories",
		"min_rating" : 4,
		"max_rating" : 7,
		"avg_rating" : 5.4
	},
	{
		"city" : "Missouri City",
		"category" : "Sports and travel",
		"min_rating" : 9,
		"max_rating" : 9,
		"avg_rating" : 9
	},
	{
		"city" : "Killeen",
		"category" : "Food and beverages",
		"min_rating" : 7,
		"max_rating" : 9.1,
		"avg_rating" : 8.333333333333334
	},
	{
		"city" : "Baytown",
		"category" : "Health and beauty",
		"min_rating" : 5,
		"max_rating" : 5,
		"avg_rating" : 5
	},
	{
		"city" : "El Paso",
		"category" : "Sports and travel",
		"min_rating" : 6.3,
		"max_rating" : 6.7,
		"avg_rating" : 6.5
	},
	{
		"city" : "Houston",
		"category" : "Electronic accessories",
		"min_rating" : 5.4,
		"max_rating" : 9.5,
		"avg_rating" : 7.45
	},
	{
		"city" : "Port Arthur",
		"category" : "Home and lifestyle",
		"min_rating" : 3,
		"max_rating" : 9,
		"avg_rating" : 5.17927927927928
	},
	{
		"city" : "Sugar Land",
		"category" : "Health and beauty",
		"min_rating" : 6,
		"max_rating" : 9.2,
		"avg_rating" : 7.6
	},
	{
		"city" : "Waco",
		"category" : "Electronic accessories",
		"min_rating" : 3,
		"max_rating" : 9,
		"avg_rating" : 5.411111111111111
	},
	{
		"city" : "Mineral Wells",
		"category" : "Home and lifestyle",
		"min_rating" : 3,
		"max_rating" : 9,
		"avg_rating" : 6.382142857142857
	},
	{
		"city" : "DeSoto",
		"category" : "Health and beauty",
		"min_rating" : 9.9,
		"max_rating" : 9.9,
		"avg_rating" : 9.9
	},
	{
		"city" : "Seguin",
		"category" : "Electronic accessories",
		"min_rating" : 3,
		"max_rating" : 7,
		"avg_rating" : 5.061538461538461
	},
	{
		"city" : "Sherman",
		"category" : "Fashion accessories",
		"min_rating" : 3,
		"max_rating" : 9.2,
		"avg_rating" : 5.180000000000001
	},
	{
		"city" : "Angleton",
		"category" : "Fashion accessories",
		"min_rating" : 4,
		"max_rating" : 8,
		"avg_rating" : 6.13448275862069
	},
	{
		"city" : "Galveston",
		"category" : "Sports and travel",
		"min_rating" : 7.3,
		"max_rating" : 7.3,
		"avg_rating" : 7.3
	},
	{
		"city" : "Kerrville",
		"category" : "Electronic accessories",
		"min_rating" : 6.5,
		"max_rating" : 6.5,
		"avg_rating" : 6.5
	},
	{
		"city" : "Georgetown",
		"category" : "Sports and travel",
		"min_rating" : 4.9,
		"max_rating" : 4.9,
		"avg_rating" : 4.9
	},
	{
		"city" : "Mission",
		"category" : "Home and lifestyle",
		"min_rating" : 3,
		"max_rating" : 9,
		"avg_rating" : 5.73125
	},
	{
		"city" : "Port Arthur",
		"category" : "Sports and travel",
		"min_rating" : 6.1,
		"max_rating" : 6.1,
		"avg_rating" : 6.1
	},
	{
		"city" : "Farmers Branch",
		"category" : "Food and beverages",
		"min_rating" : 4.6,
		"max_rating" : 7.5,
		"avg_rating" : 6.050000000000001
	},
	{
		"city" : "Mesquite",
		"category" : "Health and beauty",
		"min_rating" : 8.8,
		"max_rating" : 8.8,
		"avg_rating" : 8.8
	},
	{
		"city" : "Mansfield",
		"category" : "Home and lifestyle",
		"min_rating" : 4,
		"max_rating" : 9,
		"avg_rating" : 6.6866666666666665
	},
	{
		"city" : "La Porte",
		"category" : "Home and lifestyle",
		"min_rating" : 4,
		"max_rating" : 9,
		"avg_rating" : 5.76896551724138
	},
	{
		"city" : "Cedar Park",
		"category" : "Fashion accessories",
		"min_rating" : 4,
		"max_rating" : 9.6,
		"avg_rating" : 6.561538461538461
	},
	{
		"city" : "Pharr",
		"category" : "Health and beauty",
		"min_rating" : 9.2,
		"max_rating" : 9.2,
		"avg_rating" : 9.2
	},
	{
		"city" : "McAllen",
		"category" : "Health and beauty",
		"min_rating" : 6,
		"max_rating" : 6,
		"avg_rating" : 6
	},
	{
		"city" : "Euless",
		"category" : "Health and beauty",
		"min_rating" : 6.6,
		"max_rating" : 6.6,
		"avg_rating" : 6.6
	},
	{
		"city" : "Corpus Christi",
		"category" : "Food and beverages",
		"min_rating" : 7.4,
		"max_rating" : 7.4,
		"avg_rating" : 7.4
	},
	{
		"city" : "DeSoto",
		"category" : "Food and beverages",
		"min_rating" : 6.3,
		"max_rating" : 7.4,
		"avg_rating" : 6.8500000000000005
	},
	{
		"city" : "Schertz",
		"category" : "Health and beauty",
		"min_rating" : 4.2,
		"max_rating" : 6.6,
		"avg_rating" : 5.3999999999999995
	},
	{
		"city" : "Mansfield",
		"category" : "Electronic accessories",
		"min_rating" : 6.6,
		"max_rating" : 8.9,
		"avg_rating" : 7.75
	},
	{
		"city" : "Laredo",
		"category" : "Electronic accessories",
		"min_rating" : 9,
		"max_rating" : 9,
		"avg_rating" : 9
	},
	{
		"city" : "Bedford",
		"category" : "Electronic accessories",
		"min_rating" : 6,
		"max_rating" : 6,
		"avg_rating" : 6
	},
	{
		"city" : "Dallas",
		"category" : "Sports and travel",
		"min_rating" : 5.6,
		"max_rating" : 5.6,
		"avg_rating" : 5.6
	},
	{
		"city" : "DeSoto",
		"category" : "Fashion accessories",
		"min_rating" : 3,
		"max_rating" : 9,
		"avg_rating" : 6.391666666666667
	},
	{
		"city" : "Rockwall",
		"category" : "Electronic accessories",
		"min_rating" : 3,
		"max_rating" : 7,
		"avg_rating" : 5.4
	},
	{
		"city" : "Austin",
		"category" : "Health and beauty",
		"min_rating" : 6.6,
		"max_rating" : 6.6,
		"avg_rating" : 6.6
	},
	{
		"city" : "Longview",
		"category" : "Health and beauty",
		"min_rating" : 8,
		"max_rating" : 8,
		"avg_rating" : 8
	},
	{
		"city" : "Eagle Pass",
		"category" : "Sports and travel",
		"min_rating" : 9.6,
		"max_rating" : 9.6,
		"avg_rating" : 9.6
	},
	{
		"city" : "Lewisville",
		"category" : "Sports and travel",
		"min_rating" : 6.1,
		"max_rating" : 6.1,
		"avg_rating" : 6.1
	},
	{
		"city" : "Mesquite",
		"category" : "Sports and travel",
		"min_rating" : 7.8,
		"max_rating" : 7.8,
		"avg_rating" : 7.8
	},
	{
		"city" : "Lewisville",
		"category" : "Fashion accessories",
		"min_rating" : 4,
		"max_rating" : 9,
		"avg_rating" : 6.846153846153846
	},
	{
		"city" : "Mesquite",
		"category" : "Electronic accessories",
		"min_rating" : 7,
		"max_rating" : 9.8,
		"avg_rating" : 8.700000000000001
	},
	{
		"city" : "Lancaster",
		"category" : "Sports and travel",
		"min_rating" : 8.1,
		"max_rating" : 8.1,
		"avg_rating" : 8.1
	},
	{
		"city" : "Mineral Wells",
		"category" : "Health and beauty",
		"min_rating" : 9.8,
		"max_rating" : 9.8,
		"avg_rating" : 9.8
	},
	{
		"city" : "League City",
		"category" : "Fashion accessories",
		"min_rating" : 4,
		"max_rating" : 9,
		"avg_rating" : 5.836842105263158
	},
	{
		"city" : "Plano",
		"category" : "Electronic accessories",
		"min_rating" : 4,
		"max_rating" : 8,
		"avg_rating" : 6
	},
	{
		"city" : "Nacogdoches",
		"category" : "Sports and travel",
		"min_rating" : 5,
		"max_rating" : 8.5,
		"avg_rating" : 6.75
	},
	{
		"city" : "Edinburg",
		"category" : "Health and beauty",
		"min_rating" : 8.6,
		"max_rating" : 8.6,
		"avg_rating" : 8.6
	},
	{
		"city" : "Rosenberg",
		"category" : "Sports and travel",
		"min_rating" : 6.5,
		"max_rating" : 6.5,
		"avg_rating" : 6.5
	},
	{
		"city" : "Corpus Christi",
		"category" : "Health and beauty",
		"min_rating" : 5.3,
		"max_rating" : 8.4,
		"avg_rating" : 6.8500000000000005
	},
	{
		"city" : "Plano",
		"category" : "Home and lifestyle",
		"min_rating" : 3,
		"max_rating" : 9,
		"avg_rating" : 5.1663461538461535
	},
	{
		"city" : "Lubbock",
		"category" : "Electronic accessories",
		"min_rating" : 4.3,
		"max_rating" : 4.3,
		"avg_rating" : 4.3
	},
	{
		"city" : "Weslaco",
		"category" : "Health and beauty",
		"min_rating" : 4.3,
		"max_rating" : 9.2,
		"avg_rating" : 6.75
	},
	{
		"city" : "Huntsville",
		"category" : "Electronic accessories",
		"min_rating" : 5.8,
		"max_rating" : 5.8,
		"avg_rating" : 5.8
	},
	{
		"city" : "New Braunfels",
		"category" : "Electronic accessories",
		"min_rating" : 5.9,
		"max_rating" : 5.9,
		"avg_rating" : 5.9
	},
	{
		"city" : "McKinney",
		"category" : "Food and beverages",
		"min_rating" : 4,
		"max_rating" : 4,
		"avg_rating" : 4
	},
	{
		"city" : "Pearland",
		"category" : "Fashion accessories",
		"min_rating" : 4,
		"max_rating" : 9,
		"avg_rating" : 6.0375
	},
	{
		"city" : "Angleton",
		"category" : "Electronic accessories",
		"min_rating" : 5.1,
		"max_rating" : 10,
		"avg_rating" : 7.550000000000001
	},
	{
		"city" : "Angleton",
		"category" : "Health and beauty",
		"min_rating" : 5.1,
		"max_rating" : 5.1,
		"avg_rating" : 5.1
	},
	{
		"city" : "Lewisville",
		"category" : "Home and lifestyle",
		"min_rating" : 3,
		"max_rating" : 9,
		"avg_rating" : 5.534782608695652
	},
	{
		"city" : "San Angelo",
		"category" : "Sports and travel",
		"min_rating" : 9.3,
		"max_rating" : 9.3,
		"avg_rating" : 9.3
	},
	{
		"city" : "Irving",
		"category" : "Electronic accessories",
		"min_rating" : 5,
		"max_rating" : 8.6,
		"avg_rating" : 7.2
	},
	{
		"city" : "Midland",
		"category" : "Food and beverages",
		"min_rating" : 6,
		"max_rating" : 6,
		"avg_rating" : 6
	},
	{
		"city" : "Grand Prairie",
		"category" : "Sports and travel",
		"min_rating" : 5,
		"max_rating" : 5,
		"avg_rating" : 5
	},
	{
		"city" : "Waco",
		"category" : "Sports and travel",
		"min_rating" : 5.6,
		"max_rating" : 5.6,
		"avg_rating" : 5.6
	},
	{
		"city" : "Lake Jackson",
		"category" : "Health and beauty",
		"min_rating" : 7.2,
		"max_rating" : 7.2,
		"avg_rating" : 7.2
	},
	{
		"city" : "Grand Prairie",
		"category" : "Fashion accessories",
		"min_rating" : 3,
		"max_rating" : 9,
		"avg_rating" : 5.877272727272728
	},
	{
		"city" : "New Braunfels",
		"category" : "Health and beauty",
		"min_rating" : 4.2,
		"max_rating" : 4.2,
		"avg_rating" : 4.2
	},
	{
		"city" : "Weatherford",
		"category" : "Home and lifestyle",
		"min_rating" : 3,
		"max_rating" : 9,
		"avg_rating" : 5.133333333333334
	},
	{
		"city" : "College Station",
		"category" : "Fashion accessories",
		"min_rating" : 4,
		"max_rating" : 9,
		"avg_rating" : 6.721739130434782
	},
	{
		"city" : "Fort Worth",
		"category" : "Food and beverages",
		"min_rating" : 5.8,
		"max_rating" : 8.7,
		"avg_rating" : 7.25
	},
	{
		"city" : "Euless",
		"category" : "Home and lifestyle",
		"min_rating" : 4,
		"max_rating" : 9,
		"avg_rating" : 6.6038461538461535
	},
	{
		"city" : "Coppell",
		"category" : "Home and lifestyle",
		"min_rating" : 4,
		"max_rating" : 9,
		"avg_rating" : 6.76
	},
	{
		"city" : "Sherman",
		"category" : "Electronic accessories",
		"min_rating" : 3,
		"max_rating" : 7.6,
		"avg_rating" : 4.716666666666667
	},
	{
		"city" : "Carrollton",
		"category" : "Sports and travel",
		"min_rating" : 7.2,
		"max_rating" : 7.2,
		"avg_rating" : 7.2
	},
	{
		"city" : "Galveston",
		"category" : "Home and lifestyle",
		"min_rating" : 3,
		"max_rating" : 9,
		"avg_rating" : 6.385294117647058
	},
	{
		"city" : "Irving",
		"category" : "Health and beauty",
		"min_rating" : 7.6,
		"max_rating" : 7.6,
		"avg_rating" : 7.6
	},
	{
		"city" : "El Paso",
		"category" : "Home and lifestyle",
		"min_rating" : 3,
		"max_rating" : 9.8,
		"avg_rating" : 5.876470588235295
	},
	{
		"city" : "Haltom City",
		"category" : "Food and beverages",
		"min_rating" : 5.9,
		"max_rating" : 5.9,
		"avg_rating" : 5.9
	},
	{
		"city" : "Alice",
		"category" : "Electronic accessories",
		"min_rating" : 7.3,
		"max_rating" : 7.3,
		"avg_rating" : 7.3
	},
	{
		"city" : "Pharr",
		"category" : "Home and lifestyle",
		"min_rating" : 4,
		"max_rating" : 9,
		"avg_rating" : 5.996296296296297
	},
	{
		"city" : "Longview",
		"category" : "Home and lifestyle",
		"min_rating" : 4,
		"max_rating" : 9,
		"avg_rating" : 6.112121212121211
	},
	{
		"city" : "Waco",
		"category" : "Food and beverages",
		"min_rating" : 8.4,
		"max_rating" : 8.4,
		"avg_rating" : 8.4
	},
	{
		"city" : "Austin",
		"category" : "Electronic accessories",
		"min_rating" : 5.5,
		"max_rating" : 5.5,
		"avg_rating" : 5.5
	},
	{
		"city" : "Grand Prairie",
		"category" : "Electronic accessories",
		"min_rating" : 4.3,
		"max_rating" : 4.3,
		"avg_rating" : 4.3
	},
	{
		"city" : "Garland",
		"category" : "Home and lifestyle",
		"min_rating" : 4,
		"max_rating" : 9,
		"avg_rating" : 6.1891891891891895
	},
	{
		"city" : "Brownwood",
		"category" : "Home and lifestyle",
		"min_rating" : 4,
		"max_rating" : 9,
		"avg_rating" : 6.333333333333333
	},
	{
		"city" : "Burleson",
		"category" : "Fashion accessories",
		"min_rating" : 3,
		"max_rating" : 9,
		"avg_rating" : 6.275862068965517
	},
	{
		"city" : "Mansfield",
		"category" : "Fashion accessories",
		"min_rating" : 3,
		"max_rating" : 9,
		"avg_rating" : 6.05
	},
	{
		"city" : "Frisco",
		"category" : "Fashion accessories",
		"min_rating" : 3,
		"max_rating" : 9,
		"avg_rating" : 6.357142857142857
	},
	{
		"city" : "Conroe",
		"category" : "Fashion accessories",
		"min_rating" : 4,
		"max_rating" : 9,
		"avg_rating" : 6.368421052631579
	},
	{
		"city" : "Friendswood",
		"category" : "Home and lifestyle",
		"min_rating" : 4,
		"max_rating" : 9,
		"avg_rating" : 5.884615384615385
	},
	{
		"city" : "Edinburg",
		"category" : "Home and lifestyle",
		"min_rating" : 3,
		"max_rating" : 9,
		"avg_rating" : 6.029411764705882
	},
	{
		"city" : "Little Elm",
		"category" : "Home and lifestyle",
		"min_rating" : 3,
		"max_rating" : 8,
		"avg_rating" : 5.8108108108108105
	},
	{
		"city" : "New Braunfels",
		"category" : "Home and lifestyle",
		"min_rating" : 3,
		"max_rating" : 9,
		"avg_rating" : 6.357142857142857
	},
	{
		"city" : "Mesquite",
		"category" : "Home and lifestyle",
		"min_rating" : 3,
		"max_rating" : 9,
		"avg_rating" : 5.970588235294118
	},
	{
		"city" : "Burleson",
		"category" : "Home and lifestyle",
		"min_rating" : 3,
		"max_rating" : 9,
		"avg_rating" : 6.173913043478261
	},
	{
		"city" : "Rosenberg",
		"category" : "Fashion accessories",
		"min_rating" : 3,
		"max_rating" : 9,
		"avg_rating" : 5.085365853658536
	},
	{
		"city" : "Texas City",
		"category" : "Fashion accessories",
		"min_rating" : 3,
		"max_rating" : 7,
		"avg_rating" : 5.108433734939759
	},
	{
		"city" : "San Marcos",
		"category" : "Home and lifestyle",
		"min_rating" : 3,
		"max_rating" : 7,
		"avg_rating" : 4.924050632911392
	},
	{
		"city" : "Brownwood",
		"category" : "Fashion accessories",
		"min_rating" : 3,
		"max_rating" : 9,
		"avg_rating" : 6.3125
	},
	{
		"city" : "San Antonio",
		"category" : "Fashion accessories",
		"min_rating" : 3,
		"max_rating" : 9,
		"avg_rating" : 5.121951219512195
	},
	{
		"city" : "Baytown",
		"category" : "Home and lifestyle",
		"min_rating" : 4,
		"max_rating" : 9,
		"avg_rating" : 6.363636363636363
	},
	{
		"city" : "Lubbock",
		"category" : "Fashion accessories",
		"min_rating" : 3,
		"max_rating" : 9,
		"avg_rating" : 6.235294117647059
	},
	{
		"city" : "Alice",
		"category" : "Fashion accessories",
		"min_rating" : 3,
		"max_rating" : 9,
		"avg_rating" : 5.925925925925926
	},
	{
		"city" : "Lake Jackson",
		"category" : "Fashion accessories",
		"min_rating" : 4,
		"max_rating" : 9,
		"avg_rating" : 6.875
	},
	{
		"city" : "Longview",
		"category" : "Fashion accessories",
		"min_rating" : 4,
		"max_rating" : 9,
		"avg_rating" : 6.368421052631579
	},
	{
		"city" : "Denton",
		"category" : "Home and lifestyle",
		"min_rating" : 3,
		"max_rating" : 9,
		"avg_rating" : 6.7
	},
	{
		"city" : "San Angelo",
		"category" : "Fashion accessories",
		"min_rating" : 3,
		"max_rating" : 9,
		"avg_rating" : 4.865853658536586
	},
	{
		"city" : "Odessa",
		"category" : "Home and lifestyle",
		"min_rating" : 3,
		"max_rating" : 9,
		"avg_rating" : 6.190476190476191
	},
	{
		"city" : "League City",
		"category" : "Home and lifestyle",
		"min_rating" : 3,
		"max_rating" : 9,
		"avg_rating" : 6.175
	},
	{
		"city" : "Allen",
		"category" : "Fashion accessories",
		"min_rating" : 3,
		"max_rating" : 9,
		"avg_rating" : 6.589743589743589
	},
	{
		"city" : "Tyler",
		"category" : "Home and lifestyle",
		"min_rating" : 3,
		"max_rating" : 8,
		"avg_rating" : 5.023809523809524
	},
	{
		"city" : "Rowlett",
		"category" : "Home and lifestyle",
		"min_rating" : 3,
		"max_rating" : 9,
		"avg_rating" : 4.7105263157894735
	},
	{
		"city" : "Conroe",
		"category" : "Home and lifestyle",
		"min_rating" : 3,
		"max_rating" : 8,
		"avg_rating" : 6.285714285714286
	},
	{
		"city" : "Corpus Christi",
		"category" : "Fashion accessories",
		"min_rating" : 3,
		"max_rating" : 9,
		"avg_rating" : 6
	},
	{
		"city" : "Rockwall",
		"category" : "Home and lifestyle",
		"min_rating" : 3,
		"max_rating" : 9,
		"avg_rating" : 5.1063829787234045
	},
	{
		"city" : "Frisco",
		"category" : "Home and lifestyle",
		"min_rating" : 3,
		"max_rating" : 9,
		"avg_rating" : 6.625
	},
	{
		"city" : "Southlake",
		"category" : "Fashion accessories",
		"min_rating" : 3,
		"max_rating" : 9,
		"avg_rating" : 5.22093023255814
	},
	{
		"city" : "Bedford",
		"category" : "Home and lifestyle",
		"min_rating" : 4,
		"max_rating" : 9,
		"avg_rating" : 6.76
	},
	{
		"city" : "Huntsville",
		"category" : "Home and lifestyle",
		"min_rating" : 4,
		"max_rating" : 9,
		"avg_rating" : 6.696969696969697
	},
	{
		"city" : "Haltom City",
		"category" : "Fashion accessories",
		"min_rating" : 3,
		"max_rating" : 9,
		"avg_rating" : 6.3125
	},
	{
		"city" : "Richardson",
		"category" : "Electronic accessories",
		"min_rating" : 4,
		"max_rating" : 7,
		"avg_rating" : 5.2
	},
	{
		"city" : "Sherman",
		"category" : "Home and lifestyle",
		"min_rating" : 3,
		"max_rating" : 7,
		"avg_rating" : 4.955223880597015
	},
	{
		"city" : "Texas City",
		"category" : "Electronic accessories",
		"min_rating" : 3,
		"max_rating" : 7,
		"avg_rating" : 4.571428571428571
	},
	{
		"city" : "Port Arthur",
		"category" : "Electronic accessories",
		"min_rating" : 3,
		"max_rating" : 7,
		"avg_rating" : 4.5
	},
	{
		"city" : "Schertz",
		"category" : "Electronic accessories",
		"min_rating" : 3,
		"max_rating" : 7,
		"avg_rating" : 4.714285714285714
	}
]
