[
	{
		"branch" : "WALM045",
		"last_year_revenue" : 3462,
		"current_year_revenue" : 1294,
		"revenue_decrease_ratio" : 62.62
	},
	{
		"branch" : "WALM047",
		"last_year_revenue" : 5162,
		"current_year_revenue" : 2138,
		"revenue_decrease_ratio" : 58.58
	},
	{
		"branch" : "WALM098",
		"last_year_revenue" : 4892,
		"current_year_revenue" : 2060,
		"revenue_decrease_ratio" : 57.89
	},
	{
		"branch" : "WALM033",
		"last_year_revenue" : 4198,
		"current_year_revenue" : 1862,
		"revenue_decrease_ratio" : 55.65
	},
	{
		"branch" : "WALM081",
		"last_year_revenue" : 3446,
		"current_year_revenue" : 1700,
		"revenue_decrease_ratio" : 50.67
	}
]
